concept_id,concept_code,concept_name,concept_class_id,parent_concept_id,member_ingredient_count,member_drug_count
21600055,A02AB,Aluminium compounds,ATC 4th,21600047,61,512
21600064,A02AC,Calcium compounds,ATC 4th,21600047,59,933
21600213,A03CB,Belladonna and derivatives in combination with psycholeptics,ATC 4th,21600201,2,413
21600510,A05A,BILE THERAPY,ATC 3rd,21600509,15,353
21600537,A06AB,Contact laxatives,ATC 4th,21600532,19,879
21600600,A07,"ANTIDIARRHEALS, INTESTINAL ANTIINFLAMMATORY/ANTIINFECTIVE AGENTS",ATC 2nd,21600001,133,5243
21600735,A10AE,"Insulins and analogues for injection, long-acting",ATC 4th,21600713,6,124
21600857,A12,MINERAL SUPPLEMENTS,ATC 2nd,21600001,79,4797
21600934,A16AA,Amino acids and derivatives,ATC 4th,21600933,7,183
21601194,B05X,I.V. SOLUTION ADDITIVES,ATC 3rd,21601136,27,3403
21600361,C01EA,Prostaglandins,ATC 4th,21600360,1,83
21600447,C02KX,Antihypertensives for pulmonary arterial hypertension,ATC 4th,21600438,5,81
21601605,C05,VASOPROTECTIVES,ATC 2nd,21601237,54,9767
21601635,C05BA,Heparins or heparinoids for topical use,ATC 4th,21601634,4,183
21601709,C07BB,"Beta blocking agents, selective, and thiazides",ATC 4th,21601701,0,58
21601741,C07FB,Beta blocking agents and calcium channel blockers,ATC 4th,21601738,0,9
21601766,C08DA,Phenylalkylamine derivatives,ATC 4th,21601765,2,224
21601801,C09B,"ACE INHIBITORS, COMBINATIONS",ATC 3rd,21601782,0,185
21601823,C09CA,"Angiotensin II receptor blockers (ARBs), plain",ATC 4th,21601822,8,164
21601845,C09DX,"Angiotensin II receptor blockers (ARBs), other combinations",ATC 4th,21601832,0,180
21602027,D04AX,Other antipruritics,ATC 4th,21602003,1,77
21602073,D06B,CHEMOTHERAPEUTICS FOR TOPICAL USE,ATC 3rd,21602054,21,524
21602169,D07CC,"Corticosteroids, potent, combinations with antibiotics",ATC 4th,21602158,0,119
21602301,D10AE,Peroxides,ATC 4th,21602282,1,787
21602319,D10BA,Retinoids for treatment of acne,ATC 4th,21602318,1,125
21602445,G02B,CONTRACEPTIVES FOR TOPICAL USE,ATC 3rd,21602429,31,1061
21602452,G02C,OTHER GYNECOLOGICALS,ATC 3rd,21602429,20,772
21602515,G03CA,"Natural and semisynthetic estrogens, plain",ATC 4th,21602514,10,799
21602558,G03E,ANDROGENS AND FEMALE SEX HORMONES IN COMBINATION,ATC 3rd,21602471,1,159
21602613,G03H,ANTIANDROGENS,ATC 3rd,21602471,1,18
21602616,G03HB,Antiandrogens and estrogens,ATC 4th,21602613,0,3
21602627,G04,UROLOGICALS,ATC 2nd,21602359,39,1245
21602687,H01AB,Thyrotropin,ATC 4th,21602683,1,15
21602746,H02BX,"Corticosteroids for systemic use, combinations",ATC 4th,21602745,0,4
21602914,J01DE,Fourth-generation cephalosporins,ATC 4th,21602868,2,25
21602920,J01DH,Carbapenems,ATC 4th,21602868,4,61
21602960,J01EE,"Combinations of sulfonamides and trimethoprim, incl. derivatives",ATC 4th,21602929,1,165
21603126,J05,ANTIVIRALS FOR SYSTEMIC USE,ATC 2nd,21602795,76,1584
21601388,L01A,ALKYLATING AGENTS,ATC 3rd,21601387,21,389
21601402,L01AC,Ethylene imines,ATC 4th,21601388,1,31
21601406,L01AD,Nitrosoureas,ATC 4th,21601388,4,67
21603731,L01DB,Anthracyclines and related substances,ATC 4th,21603728,8,138
21603741,L01DC,Other cytotoxic antibiotics,ATC 4th,21603728,4,60
21603830,L02BA,Anti-estrogens,ATC 4th,21603829,4,92
21603874,L03AX,Other immunostimulants,ATC 4th,21603849,16,158
21604089,M03AX,"Other muscle relaxants, peripherally acting agents",ATC 4th,21604070,9,90
21604114,M03BX,Other centrally acting agents,ATC 4th,21604091,8,226
21604172,M09AA,Quinine and derivatives,ATC 4th,21604171,2,14
21604182,N01A,"ANESTHETICS, GENERAL",ATC 3rd,21604181,26,650
21604456,N04AB,Ethers chemically close to antihistamines,ATC 4th,21604444,2,536
21604499,N05AB,Phenothiazines with piperazine structure,ATC 4th,21604490,8,310
21604547,N05AL,Benzamides,ATC 4th,21604490,6,94
21604565,N05BA,Benzodiazepine derivatives,ATC 4th,21604564,17,678
21604653,N05CF,Benzodiazepine related drugs,ATC 4th,21604606,4,101
21604729,N06AX,Other antidepressants,ATC 4th,21604686,28,684
21604788,N06CA,Antidepressants in combination with psycholeptics,ATC 4th,21604787,0,68
21604793,N06DA,Anticholinesterases,ATC 4th,21604792,5,196
21604809,N07AB,Choline esters,ATC 4th,21604802,2,76
21604816,N07B,DRUGS USED IN ADDICTIVE DISORDERS,ATC 3rd,21604801,15,642
21604892,P01BB,Biguanides,ATC 4th,21604886,1,15
21604928,P02B,ANTITREMATODALS,ATC 3rd,21604927,6,73
21604969,P03AA,Sulfur containing products,ATC 4th,21604968,5,61
21603255,R03AC,Selective beta-2-adrenoreceptor agonists,ATC 4th,21603249,16,469
21603300,R03BX,"Other drugs for obstructive airway diseases, inhalants",ATC 4th,21603282,2,14
21603346,R03DB,Xanthines and adrenergics,ATC 4th,21603327,0,63
21603585,S01AD,Antivirals,ATC 4th,21603552,8,298
21603633,S01BB,Corticosteroids and mydriatics in combination,ATC 4th,21603616,0,5
21605229,V03AB,Antidotes,ATC 4th,21605228,36,1105
21605281,V03AH,Drugs for treatment of hypoglycemia,ATC 4th,21605228,1,45
21605295,V04,DIAGNOSTIC AGENTS,ATC 2nd,21605212,48,1383
21605415,V08BA,Barium sulfate containing X-ray contrast media,ATC 4th,21605414,1,1
21605419,V08CA,Paramagnetic contrast media,ATC 4th,21605418,12,33
21605457,V09BA,Technetium (99mTc) compounds,ATC 4th,21605456,2,2
21605499,V09EX,Other respiratory system diagnostic radiopharmaceuticals,ATC 4th,21605491,1,6
21605526,V09HA,Technetium (99mTc) compounds,ATC 4th,21605525,1,1
21605534,V09HX,Other diagnostic radiopharmaceuticals for inflammation and infection detection,ATC 4th,21605525,1,7
21605569,V10AA,Yttrium (90Y) compounds,ATC 4th,21605568,1,1
947789,L01EJ,Janus-associated kinase (JAK) inhibitors,ATC 4th,947753,4,58
947899,L01XF,Retinoids for cancer treatment,ATC 4th,21603746,3,161
947833,N04CX,Other antiparkinson drugs,ATC 4th,947896,1,11
955192,L04AE,Sphingosine-1-phosphate (S1P) receptor modulators,ATC 4th,21603891,5,111
925166,L04AL,Neonatal fragment crystallizable receptor (FcRn) inhibitors,ATC 4th,21603891,3,37
21601222,B05Z,HEMODIALYTICS AND HEMOFILTRATES,ATC 3rd,21601136,0,0
21600408,C02BC,Bisquaternary ammonium compounds,ATC 4th,21600403,0,0
21601978,D02AX,Other emollients and protectives,ATC 4th,21601969,0,0
21602375,G01AB,Arsenic compounds,ATC 4th,21602361,0,0
21602563,G03EB,"Androgen, progestogen and estrogen in combination",ATC 4th,21602558,0,0
21603128,J05AA,Thiosemicarbazones,ATC 4th,21603127,0,0
21604033,M01CX,Other specific antirheumatic agents,ATC 4th,21604021,0,0
21604791,N06CB,Psychostimulants in combination with psycholeptics,ATC 4th,21604787,0,0
21605363,V07AD,"Blood tests, auxiliary products",ATC 4th,21605359,0,0
21600169,A03AE,Serotonin receptor antagonists,ATC 4th,21600128,1,11
21600509,A05,BILE AND LIVER THERAPY,ATC 2nd,21600001,26,507
21600632,A07BC,Other intestinal adsorbents,ATC 4th,21600627,5,319
21600642,A07D,ANTIPROPULSIVES,ATC 3rd,21600600,5,182
21600668,A07FA,Antidiarrheal microorganisms,ATC 4th,21600667,23,317
21600744,A10B,"BLOOD GLUCOSE LOWERING DRUGS, EXCL. INSULINS",ATC 3rd,21600712,42,1347
21600800,A11,VITAMINS,ATC 2nd,21600001,30,2190
21600884,A12C,OTHER MINERAL SUPPLEMENTS,ATC 3rd,21600857,61,2397
21600888,A12CB,Zinc,ATC 4th,21600884,7,254
21600892,A12CC,Magnesium,ATC 4th,21600884,47,890
21600926,A14AB,Estren derivatives,ATC 4th,21600915,2,57
21600972,B01AB,Heparin group,ATC 4th,21600961,10,288
21601077,B03,ANTIANEMIC PREPARATIONS,ATC 2nd,21600959,42,2510
21601108,B03AD,Iron in combination with folic acid,ATC 4th,21601078,1,413
21601148,B05AX,Other blood products,ATC 4th,21601137,2,2
21601154,B05BA,Solutions for parenteral nutrition,ATC 4th,21601153,2,551
21600427,C02DB,Hydrazinophthalazine derivatives,ATC 4th,21600424,2,37
21600474,C02LG,Hydrazinophthalazine derivatives and diuretics,ATC 4th,21600451,0,70
21601514,C03BX,Other low-ceiling diuretics,ATC 4th,21601489,1,6
21601541,C03E,DIURETICS AND POTASSIUM-SPARING AGENTS IN COMBINATION,ATC 3rd,21601461,3,306
21601607,C05AA,Corticosteroids,ATC 4th,21601606,9,2371
21601666,C07AA,"Beta blocking agents, non-selective",ATC 4th,21601665,13,504
21601716,C07BG,Alpha and beta blocking agents and thiazides,ATC 4th,21601701,0,9
21601730,C07D,"BETA BLOCKING AGENTS, THIAZIDES AND OTHER DIURETICS",ATC 3rd,21601664,0,49
21601763,C08CX,Other selective calcium channel blockers with mainly vascular effects,ATC 4th,21601745,1,11
21601849,C09XA,Renin-inhibitors,ATC 4th,21601848,1,56
21601853,C10,LIPID MODIFYING AGENTS,ATC 2nd,21601237,39,1382
21602119,D07AC,"Corticosteroids, potent (group III)",ATC 4th,21602099,20,2095
21602158,D07C,"CORTICOSTEROIDS, COMBINATIONS WITH ANTIBIOTICS",ATC 3rd,21602098,0,734
21602159,D07CA,"Corticosteroids, weak, combinations with antibiotics",ATC 4th,21602158,0,404
21602189,D07XC,"Corticosteroids, potent, other combinations",ATC 4th,21602178,0,142
21602219,D08AG,Iodine products,ATC 4th,21602196,3,715
21602248,D08AL,Silver compounds,ATC 4th,21602196,1,26
21602362,G01AA,Antibiotics,ATC 4th,21602361,7,670
21602457,G02CB,Prolactine inhibitors,ATC 4th,21602452,5,87
21602471,G03,SEX HORMONES AND MODULATORS OF THE GENITAL SYSTEM,ATC 2nd,21602359,62,2977
21602506,G03B,ANDROGENS,ATC 3rd,21602471,4,399
21602684,H01AA,ACTH,ATC 4th,21602683,2,50
21602927,J01DI,Other cephalosporins and penems,ATC 4th,21602868,5,35
21602934,J01EB,Short-acting sulfonamides,ATC 4th,21602929,8,971
21602991,J01GA,Streptomycins,ATC 4th,21602990,2,19
21603035,J01R,COMBINATIONS OF ANTIBACTERIALS,ATC 3rd,21602796,0,39
21603072,J02A,ANTIMYCOTICS FOR SYSTEMIC USE,ATC 3rd,21603071,15,654
21601311,J07AL,Pneumococcal vaccines,ATC 4th,21601279,36,106
21601326,J07AR,Typhus (exanthematicus) vaccines,ATC 4th,21601279,1,1
21601329,J07B,VIRAL VACCINES,ATC 3rd,21601278,51,873
21601370,J07C,"BACTERIAL AND VIRAL VACCINES, COMBINED",ATC 3rd,21601278,4,233
21601414,L01AG,Epoxides,ATC 4th,21601388,1,7
21603857,L03AB,Interferons,ATC 4th,21603849,14,449
21603926,L04AX,Other immunosuppressants,ATC 4th,21603891,9,343
21604069,M03,MUSCLE RELAXANTS,ATC 2nd,21603931,39,796
21604208,N01AX,Other general anesthetics,ATC 4th,21604182,9,197
21604275,N02AC,Diphenylpropylamine derivatives,ATC 4th,21604254,4,246
21604304,N02BA,Salicylic acid and derivatives,ATC 4th,21604303,12,2423
21604329,N02BB,Pyrazolones,ATC 4th,21604303,4,238
715865,N02CD,Calcitonin gene-related peptide (CGRP) antagonists,ATC 4th,21604364,8,114
21604421,N03AG,Fatty acid derivatives,ATC 4th,21604390,6,153
21604463,N04BA,Dopa and dopa derivatives,ATC 4th,21604462,2,199
21604629,N05CC,Aldehydes and derivatives,ATC 4th,21604606,4,71
21604753,N06BA,Centrally acting sympathomimetics,ATC 4th,21604752,13,828
21604849,P01A,AGENTS AGAINST AMOEBIASIS AND OTHER PROTOZOAL DISEASES,ATC 3rd,21604848,20,504
21604896,P01BC,Methanolquinolines,ATC 4th,21604886,2,71
21605024,R01AB,"Sympathomimetics, combinations excl. corticosteroids",ATC 4th,21605009,6,766
21603216,R02A,THROAT PREPARATIONS,ATC 3rd,21603215,30,3845
21603250,R03AA,Alpha- and beta-adrenoreceptor agonists,ATC 4th,21603249,1,226
21605145,S02A,ANTIINFECTIVES,ATC 3rd,21605144,35,3516
21605180,S02D,OTHER OTOLOGICALS,ATC 3rd,21605144,4,1741
21605462,V09C,RENAL SYSTEM,ATC 3rd,21605444,5,11
21605489,V09DX,Other hepatic and reticulo endothelial system diagnostic radiopharmaceuticals,ATC 4th,21605474,1,1
21605496,V09EB,"Technetium (99mTc), particles for injection",ATC 4th,21605491,1,1
21605558,V09XA,Iodine (131I) compounds,ATC 4th,21605557,2,292
21605568,V10A,ANTIINFLAMMATORY AGENTS,ATC 3rd,21605567,5,13
21605581,V10BX,Various pain palliation radiopharmaceuticals,ATC 4th,21605580,3,3
21601899,C10BA,Combinations of various lipid modifying agents,ATC 4th,21601898,0,83
21601903,C10BX,Lipid modifying agents in combination with other drugs,ATC 4th,21601898,1,88
947755,L01EB,Epidermal growth factor receptor (EGFR) tyrosine kinase inhibitors,ATC 4th,947753,7,81
21601237,C,CARDIOVASCULAR SYSTEM,ATC 1st,,362,19648
21602681,H,"SYSTEMIC HORMONAL PREPARATIONS, EXCL. SEX HORMONES AND INSULINS",ATC 1st,,81,4978
21600219,A03CC,Other antispasmodics in combination with psycholeptics,ATC 4th,21600201,0,0
21600631,A07BB,Bismuth preparations,ATC 4th,21600627,0,0
21600695,A08AX,Other antiobesity drugs,ATC 4th,21600680,0,0
21602030,D05AA,Tars,ATC 4th,21602029,0,0
21602336,D11AF,Wart and anti-corn preparations,ATC 4th,21602324,0,0
21602444,G02AX,Other uterotonics,ATC 4th,21602430,0,0
21604020,M01BX,Other antiinflammatory/antirheumatic agents in combination with other drugs,ATC 4th,21604015,0,0
21604839,N07XA,Gangliosides and ganglioside derivatives,ATC 4th,21604838,0,0
21605186,S02DC,Indifferent preparations,ATC 4th,21605180,0,0
21605283,V03AK,Tissue adhesives,ATC 4th,21605228,0,0
21605296,V04B,URINE TESTS,ATC 3rd,21605295,0,0
21605338,V04CL,Tests for allergic diseases,ATC 4th,21605297,0,0
21605356,V06DF,Milk substitutes,ATC 4th,21605348,0,0
21605364,V07AN,Incontinence equipment,ATC 4th,21605359,0,0
955114,C05XX,Other vasoprotectives,ATC 4th,955115,0,0
21602774,H03CA,"Iodine therapy; oral, parenteral",ATC 4th,21602773,0,0
21600602,A07AA,Antibiotics,ATC 4th,21600601,14,960
21600742,A10AF,Insulins and analogues for inhalation,ATC 4th,21600713,1,18
21601038,B02AB,Proteinase inhibitors,ATC 4th,21601033,2,32
21600259,C01BB,"Antiarrhythmics, class Ib",ATC 4th,21600248,4,705
21600335,C01DB,Quinolone vasodilators,ATC 4th,21600315,1,8
21600382,C02A,"ANTIADRENERGIC AGENTS, CENTRALLY ACTING",ATC 3rd,21600381,11,433
21600416,C02CC,Guanidine derivatives,ATC 4th,21600409,4,61
21600470,C02LE,Alpha-adrenoreceptor antagonists and diuretics,ATC 4th,21600451,0,14
21601490,C03BA,"Sulfonamides, plain",ATC 4th,21601489,7,113
21601538,C03DB,Other potassium-sparing agents,ATC 4th,21601532,2,48
21601553,C03EB,High-ceiling diuretics and potassium-sparing agents,ATC 4th,21601541,1,97
21601566,C04AB,Imidazoline derivatives,ATC 4th,21601561,2,39
21601617,C05AD,Local anesthetics,ATC 4th,21601606,6,1554
43534771,C09BX,"ACE inhibitors, other combinations",ATC 4th,21601801,0,17
21601855,C10AA,HMG CoA reductase inhibitors,ATC 4th,21601854,8,267
21601880,C10AD,Nicotinic acid and derivatives,ATC 4th,21601854,4,384
21602049,D05BB,Retinoids for treatment of psoriasis,ATC 4th,21602044,2,33
21602055,D06A,ANTIBIOTICS FOR TOPICAL USE,ATC 3rd,21602054,19,886
21602179,D07XA,"Corticosteroids, weak, other combinations",ATC 4th,21602178,0,860
21602210,D08AE,Phenol and derivatives,ATC 4th,21602196,6,504
21602251,D08AX,Other antiseptics and disinfectants,ATC 4th,21602196,9,707
21602292,D10AD,Retinoids for topical use in acne,ATC 4th,21602282,7,627
21602324,D11A,OTHER DERMATOLOGICAL PREPARATIONS,ATC 3rd,21602323,56,4713
21602361,G01A,"ANTIINFECTIVES AND ANTISEPTICS, EXCL. COMBINATIONS WITH CORTICOSTEROIDS",ATC 3rd,21602360,60,3526
21602408,G01AG,Triazole derivatives,ATC 4th,21602361,1,26
21602507,G03BA,3-oxoandrosten (4) derivatives,ATC 4th,21602506,3,395
21602524,G03CB,"Synthetic estrogens, plain",ATC 4th,21602514,2,60
21602543,G03DB,Pregnadien derivatives,ATC 4th,21602537,8,73
21602709,H01C,HYPOTHALAMIC HORMONES,ATC 3rd,21602682,11,263
21602710,H01CA,Gonadotropin-releasing hormones,ATC 4th,21602709,2,59
21602768,H03BC,Perchlorates,ATC 4th,21602759,1,9
21602781,H05AA,Parathyroid hormones and analogues,ATC 4th,21602780,6,63
21603042,J01XA,Glycopeptide antibacterials,ATC 4th,21603041,5,121
21603048,J01XB,Polymyxins,ATC 4th,21603041,2,68
21603084,J02AX,Other antimycotics for systemic use,ATC 4th,21603072,6,72
1501761,J05AP,Antivirals for treatment of HCV infections,ATC 4th,21603127,12,213
21601246,J06A,IMMUNE SERA,ATC 3rd,21601245,14,44
21601366,J07BM,Papillomavirus vaccines,ATC 4th,21601329,9,23
21601416,L01AX,Other alkylating agents,ATC 4th,21601388,4,50
21601452,L01CB,Podophyllotoxin derivatives,ATC 4th,21601445,2,32
21603891,L04A,IMMUNOSUPPRESSANTS,ATC 3rd,21603890,94,2504
21603914,L04AC,Interleukin inhibitors,ATC 4th,21603891,19,588
21604021,M01C,SPECIFIC ANTIRHEUMATIC AGENTS,ATC 3rd,21603932,4,70
21604092,M03BA,Carbamic acid esters,ATC 4th,21604091,4,128
21604221,N01BA,Esters of aminobenzoic acid,ATC 4th,21604220,4,827
21604405,N03AC,Oxazolidine derivatives,ATC 4th,21604390,2,32
21604459,N04AC,Ethers of tropine or tropine derivatives,ATC 4th,21604444,2,27
21604472,N04BC,Dopamine agonists,ATC 4th,21604462,9,336
21604589,N05BB,Diphenylmethane derivatives,ATC 4th,21604564,2,152
21604600,N05BE,Azaspirodecanedione derivatives,ATC 4th,21604564,1,35
21604635,N05CD,Benzodiazepine derivatives,ATC 4th,21604606,12,262
21604678,N05CX,"Hypnotics and sedatives in combination, excl. barbiturates",ATC 4th,21604606,2,76
21604850,P01AA,Hydroxyquinoline derivatives,ATC 4th,21604849,3,125
21604914,P01CB,Antimony compounds,ATC 4th,21604911,2,11
21604956,P02CF,Avermectines,ATC 4th,21604939,1,174
21604962,P02DA,Salicylic acid derivatives,ATC 4th,21604961,1,10
21604968,P03A,"ECTOPARASITICIDES, INCL. SCABICIDES",ATC 3rd,21604967,17,530
21603283,R03BA,Glucocorticoids,ATC 4th,21603282,8,1261
21603358,R03DX,Other systemic drugs for obstructive airway diseases,ATC 4th,21603327,10,173
21603638,S01BC,"Antiinflammatory agents, non-steroids",ATC 4th,21603616,9,1708
21603672,S01EA,Sympathomimetics in glaucoma therapy,ATC 4th,21603671,5,443
21605058,S01F,MYDRIATICS AND CYCLOPLEGICS,ATC 3rd,21603551,9,931
21605120,S01LA,Antineovascularisation agents,ATC 4th,21605119,7,231
21605187,S03,OPHTHALMOLOGICAL AND OTOLOGICAL PREPARATIONS,ATC 2nd,21603550,28,5344
21605213,V01,ALLERGENS,ATC 2nd,21605212,429,2350
21605259,V03AC,Iron chelating agents,ATC 4th,21605228,3,70
21605334,V04CK,Tests for pancreatic function,ATC 4th,21605297,3,14
21605449,V09AB,Iodine (123I) compounds,ATC 4th,21605445,2,292
21605521,V09GX,Other cardiovascular system diagnostic radiopharmaceuticals,ATC 4th,21605509,5,22
21605544,V09IB,Indium (111In) compounds,ATC 4th,21605536,1,1
21605549,V09IX,Other diagnostic radiopharmaceuticals for tumour detection,ATC 4th,21605536,12,1354
21605567,V10,THERAPEUTIC RADIOPHARMACEUTICALS,ATC 2nd,21605212,16,394
21605580,V10B,PAIN PALLIATION (BONE SEEKING AGENTS),ATC 3rd,21605567,3,3
954929,L04AJ,Complement inhibitors,ATC 4th,21603891,11,146
954935,J07BN,Covid-19 vaccines,ATC 4th,21601329,2,131
21603907,L04AB,Tumor necrosis factor alpha (TNF-alpha) inhibitors,ATC 4th,21603891,5,441
21603550,S,SENSORY ORGANS,ATC 1st,,282,20954
21600480,A03EA,"Antispasmodics, psycholeptics and analgesics in combination",ATC 4th,21600232,0,0
21601191,B05D,PERITONEAL DIALYTICS,ATC 3rd,21601136,0,0
21601503,C03BB,Sulfonamides and potassium in combination,ATC 4th,21601489,0,0
21601970,D02AA,Silicone products,ATC 4th,21601969,0,0
21602423,G01B,ANTIINFECTIVES/ANTISEPTICS IN COMBINATION WITH CORTICOSTEROIDS,ATC 3rd,21602360,0,0
21602424,G01BA,Antibiotics and corticosteroids,ATC 4th,21602423,0,0
21604162,M05BC,Bone morphogenetic proteins,ATC 4th,21604147,0,0
21605211,S03D,OTHER OPHTHALMOLOGICAL AND OTOLOGICAL PREPARATIONS,ATC 3rd,21605187,0,0
21605366,V07AS,Stomi equipment,ATC 4th,21605359,0,0
21600482,A03F,PROPULSIVES,ATC 3rd,21600127,8,260
21600673,A07XA,Other antidiarrheals,ATC 4th,21600672,65,970
21600680,A08A,"ANTIOBESITY PREPARATIONS, EXCL. DIET PRODUCTS",ATC 3rd,21600679,12,562
21600714,A10AB,"Insulins and analogues for injection, fast-acting",ATC 4th,21600713,11,333
21600779,A10BG,Thiazolidinediones,ATC 4th,21600744,3,54
21600824,A11DA,"Vitamin B1, plain",ATC 4th,21600823,3,129
21600985,B01AC,Platelet aggregation inhibitors excl. heparin,ATC 4th,21600961,19,846
21601071,B02BX,Other systemic hemostatics,ATC 4th,21601043,12,196
21601225,B06,OTHER HEMATOLOGICAL AGENTS,ATC 2nd,21600959,19,327
21600240,C01AB,Scilla glycosides,ATC 4th,21601239,1,6
21600466,C02LC,Imidazoline receptor agonists in combination with diuretics,ATC 4th,21600451,0,28
21601509,C03BC,Mercurial diuretics,ATC 4th,21601489,1,2
21601560,C04,PERIPHERAL VASODILATORS,ATC 2nd,21601237,26,688
21601579,C04AE,Ergot alkaloids,ATC 4th,21601561,3,125
21601642,C05BB,Sclerosing agents for local injection,ATC 4th,21601634,5,512
21601662,C05CX,Other capillary stabilizing agents,ATC 4th,21601652,4,25
21601665,C07A,BETA BLOCKING AGENTS,ATC 3rd,21601664,26,964
21601719,C07CA,"Beta blocking agents, non-selective, and other diuretics",ATC 4th,21601718,1,26
21601724,C07CB,"Beta blocking agents, selective, and other diuretics",ATC 4th,21601718,1,139
21601738,C07F,"BETA BLOCKING AGENTS, OTHER COMBINATIONS",ATC 3rd,21601664,0,11
21601773,C08EA,Phenylalkylamine derivatives,ATC 4th,21601772,2,25
21601784,C09AA,"ACE inhibitors, plain",ATC 4th,21601783,15,389
21601815,C09BB,ACE inhibitors and calcium channel blockers,ATC 4th,21601801,0,61
21601988,D03AX,Other cicatrizants,ATC 4th,21601986,18,542
21602144,D07BA,"Corticosteroids, weak, combinations with antiseptics",ATC 4th,21602143,0,128
21602240,D08AK,Mercurial products,ATC 4th,21602196,7,55
21602551,G03DC,Estren derivatives,ATC 4th,21602537,5,107
21602566,G03F,PROGESTOGENS AND ESTROGENS IN COMBINATION,ATC 3rd,21602471,7,842
21602624,G03XC,Selective estrogen receptor modulators,ATC 4th,21602618,3,16
715765,G03XX,Other sex hormones and modulators of the genital system,ATC 4th,21602618,1,33
21602775,H04,PANCREATIC HORMONES,ATC 2nd,21602681,2,51
21602813,J01B,AMPHENICOLS,ATC 3rd,21602796,2,134
21602868,J01D,OTHER BETA-LACTAM ANTIBACTERIALS,ATC 3rd,21602796,45,1023
21602969,J01FA,Macrolides,ATC 4th,21602968,12,583
21602994,J01GB,Other aminoglycosides,ATC 4th,21602990,10,458
21603006,J01M,QUINOLONE ANTIBACTERIALS,ATC 3rd,21602796,22,470
21603007,J01MA,Fluoroquinolones,ATC 4th,21603006,16,405
21603051,J01XC,Steroid antibacterials,ATC 4th,21603041,1,49
21603121,J04B,DRUGS FOR TREATMENT OF LEPRA,ATC 3rd,21603089,2,30
21603159,J05AF,Nucleoside and nucleotide reverse transcriptase inhibitors,ATC 4th,21603127,12,300
21601333,J07BB,Influenza vaccines,ATC 4th,21601329,4,144
21601355,J07BH,Rota virus diarrhea vaccines,ATC 4th,21601329,6,21
21603726,L01CX,Other plant alkaloids and natural products,ATC 4th,21601445,1,7
21603729,L01DA,Actinomycines,ATC 4th,21603728,1,7
21603845,L02BX,Other hormone antagonists and related agents,ATC 4th,21603829,4,45
21603933,M01A,"ANTIINFLAMMATORY AND ANTIRHEUMATIC PRODUCTS, NON-STEROIDS",ATC 3rd,21603932,59,2574
21604111,M03BC,"Ethers, chemically close to antihistamines",ATC 4th,21604091,1,73
21604147,M05B,DRUGS AFFECTING BONE STRUCTURE AND MINERALIZATION,ATC 3rd,21604146,18,428
21604171,M09A,OTHER DRUGS FOR DISORDERS OF THE MUSCULO-SKELETAL SYSTEM,ATC 3rd,21604170,17,687
21604248,N01BX,Other local anesthetics,ATC 4th,21604220,4,365
21604255,N02AA,Natural opium alkaloids,ATC 4th,21604254,7,2264
21604414,N03AE,Benzodiazepine derivatives,ATC 4th,21604390,1,66
21604482,N04BD,Monoamine oxidase B inhibitors,ATC 4th,21604462,3,112
21604536,N05AG,Diphenylbutylpiperidine derivatives,ATC 4th,21604490,3,25
21604557,N05AX,Other antipsychotics,ATC 4th,21604490,10,429
21604726,N06AG,Monoamine oxidase A inhibitors,ATC 4th,21604686,2,12
21604912,P01CA,Nitroimidazole derivatives,ATC 4th,21604911,2,12
21604940,P02CA,Benzimidazole derivatives,ATC 4th,21604939,5,129
21604964,P02DX,Other anticestodals,ATC 4th,21604961,1,4
21603292,R03BB,Anticholinergics,ATC 4th,21603282,10,198
21603531,R07A,OTHER RESPIRATORY SYSTEM PRODUCTS,ATC 3rd,21603530,14,167
21603548,R07AX,Other respiratory system products,ATC 4th,21603531,3,94
21603551,S01,OPHTHALMOLOGICALS,ATC 2nd,21603550,261,17733
21603679,S01EB,Parasympathomimetics,ATC 4th,21603671,9,417
21605067,S01FB,Sympathomimetics excl. antiglaucoma preparations,ATC 4th,21605058,3,497
21605072,S01GA,Sympathomimetics used as decongestants,ATC 4th,21605071,7,1186
21605303,V04CC,Tests for bile duct patency,ATC 4th,21605297,4,140
21605351,V06DC,Carbohydrates,ATC 4th,21605348,2,207
21605414,V08B,"X-RAY CONTRAST MEDIA, NON-IODINATED",ATC 3rd,21605372,1,1
947832,J05AJ,Integrase inhibitors,ATC 4th,21603127,4,73
947794,L01XH,Histone deacetylase (HDAC) inhibitors,ATC 4th,21603746,4,40
954869,J06BD,Antiviral monoclonal antibodies,ATC 4th,21601254,7,77
955113,L01FX,Other monoclonal antibodies and antibody drug conjugates,ATC 4th,955076,29,311
21600802,A11AA,Multivitamins with minerals,ATC 4th,21600801,0,0
21600830,A11EA,"Vitamin B-complex, plain",ATC 4th,21600829,0,0
21601224,B05ZB,Hemofiltrates,ATC 4th,21601222,0,0
21605344,V06AA,Low-energy diets,ATC 4th,21605343,0,0
21605355,V06DE,"Amino acids/carbohydrates/minerals/vitamins, combinations",ATC 4th,21605348,0,0
21600101,A02BD,Combinations for eradication of Helicobacter pylori,ATC 4th,21600080,1,29
21600127,A03,DRUGS FOR FUNCTIONAL GASTROINTESTINAL DISORDERS,ATC 2nd,21600001,55,1909
21600128,A03A,DRUGS FOR FUNCTIONAL GASTROINTESTINAL DISORDERS,ATC 3rd,21600127,37,532
21600165,A03AD,Papaverine and derivatives,ATC 4th,21600128,3,73
21600195,A03BB,"Belladonna alkaloids, semisynthetic, quaternary ammonium compounds",ATC 4th,21600190,5,411
21600492,A04AA,Serotonin (5HT3) antagonists,ATC 4th,21600491,5,207
21600511,A05AA,Bile acids and derivatives,ATC 4th,21600510,6,112
21600672,A07X,OTHER ANTIDIARRHEALS,ATC 3rd,21600600,65,970
21600775,A10BF,Alpha glucosidase inhibitors,ATC 4th,21600744,2,30
21600783,A10BH,Dipeptidyl peptidase 4 (DPP-4) inhibitors,ATC 4th,21600744,5,94
21600933,A16A,OTHER ALIMENTARY TRACT AND METABOLISM PRODUCTS,ATC 3rd,21600932,56,843
21601033,B02A,ANTIFIBRINOLYTICS,ATC 3rd,21601032,6,103
21601049,B02BC,Local hemostatics,ATC 4th,21601043,10,550
21601215,B05XB,Amino acids,ATC 4th,21601194,3,166
21600243,C01AC,Strophanthus glycosides,ATC 4th,21601239,1,17
21600264,C01BC,"Antiarrhythmics, class Ic",ATC 4th,21600248,3,76
21600397,C02AC,Imidazoline receptor agonists,ATC 4th,21600382,4,169
21600438,C02K,OTHER ANTIHYPERTENSIVES,ATC 3rd,21600381,16,117
21601557,C03XA,Vasopressin antagonists,ATC 4th,21601556,2,56
21601664,C07,BETA BLOCKING AGENTS,ATC 2nd,21601237,26,1160
21601728,C07CG,Alpha and beta blocking agents and other diuretics,ATC 4th,21601718,0,9
21601832,C09D,"ANGIOTENSIN II RECEPTOR BLOCKERS (ARBs), COMBINATIONS",ATC 3rd,21601782,0,213
21601854,C10A,"LIPID MODIFYING AGENTS, PLAIN",ATC 3rd,21601853,39,1276
21601898,C10B,"LIPID MODIFYING AGENTS, COMBINATIONS",ATC 3rd,21601853,1,171
21601909,D01A,ANTIFUNGALS FOR TOPICAL USE,ATC 3rd,21601908,38,3673
21601980,D02BA,Protectives against UV-radiation for topical use,ATC 4th,21601979,2,31
21602019,D04AB,Anesthetics for topical use,ATC 4th,21602003,6,1516
21602163,D07CB,"Corticosteroids, moderately potent, combinations with antibiotics",ATC 4th,21602158,0,211
21602202,D08AC,Biguanides and amidines,ATC 4th,21602196,5,692
21602229,D08AJ,Quaternary ammonium compounds,ATC 4th,21602196,7,785
21602277,D09AB,Zinc bandages,ATC 4th,21602262,1,859
21602529,G03CC,"Estrogens, combinations with other drugs",ATC 4th,21602514,7,207
21602677,G04CX,Other drugs used in benign prostatic hypertrophy,ATC 4th,21602666,2,2
21602683,H01A,ANTERIOR PITUITARY LOBE HORMONES AND ANALOGUES,ATC 3rd,21602682,13,452
21602723,H02A,"CORTICOSTEROIDS FOR SYSTEMIC USE, PLAIN",ATC 3rd,21602722,20,2591
21602760,H03BA,Thiouracils,ATC 4th,21602759,2,16
21602764,H03BB,Sulfur-containing imidazole derivatives,ATC 4th,21602759,2,54
21602785,H05B,ANTI-PARATHYROID AGENTS,ATC 3rd,21602779,8,164
21602861,J01CR,"Combinations of penicillins, incl. beta-lactamase inhibitors",ATC 4th,21602818,4,365
21602918,J01DF,Monobactams,ATC 4th,21602868,1,18
21603073,J02AA,Antibiotics,ATC 4th,21603072,1,51
21603148,J05AE,Protease inhibitors,ATC 4th,21603127,10,196
21601282,J07AD,Brucellosis vaccines,ATC 4th,21601279,2,2
21601353,J07BG,Rabies vaccines,ATC 4th,21601329,3,19
21601369,J07BX,Other viral vaccines,ATC 4th,21601329,4,41
21601371,J07CA,"Bacterial and viral vaccines, combined",ATC 4th,21601370,4,233
21603823,L02AE,Gonadotropin releasing hormone analogues,ATC 4th,21603813,5,203
21603848,L03,IMMUNOSTIMULANTS,ATC 2nd,21601386,42,860
21603960,M01AC,Oxicams,ATC 4th,21603933,5,243
21604015,M01B,ANTIINFLAMMATORY/ANTIRHEUMATIC AGENTS IN COMBINATION,ATC 3rd,21603932,0,12
21604035,M02A,TOPICAL PRODUCTS FOR JOINT AND MUSCULAR PAIN,ATC 3rd,21604034,30,1839
21604070,M03A,"MUSCLE RELAXANTS, PERIPHERALLY ACTING AGENTS",ATC 3rd,21604069,23,245
21604135,M04AB,Preparations increasing uric acid excretion,ATC 4th,21604129,4,43
21604228,N01BB,Amides,ATC 4th,21604220,9,1664
21604288,N02AF,Morphinan derivatives,ATC 4th,21604254,2,57
1123896,N02AJ,Opioids in combination with non-opioid analgesics,ATC 4th,21604254,0,1203
21604364,N02C,ANTIMIGRAINE PREPARATIONS,ATC 3rd,21604253,25,703
21604365,N02CA,Ergot alkaloids,ATC 4th,21604364,4,211
21604391,N03AA,Barbiturates and derivatives,ATC 4th,21604390,5,214
21604709,N06AB,Selective serotonin reuptake inhibitors,ATC 4th,21604686,6,296
21604765,N06BC,Xanthine derivatives,ATC 4th,21604752,2,178
21604792,N06D,ANTI-DEMENTIA DRUGS,ATC 3rd,21604685,11,295
21604812,N07AX,Other parasympathomimetics,ATC 4th,21604802,3,284
21604948,P02CB,Piperazine and derivatives,ATC 4th,21604939,2,79
21604958,P02CX,Other antinematodals,ATC 4th,21604939,2,73
21603196,R01AX,Other nasal preparations,ATC 4th,21605009,9,668
21603327,R03D,OTHER SYSTEMIC DRUGS FOR OBSTRUCTIVE AIRWAY DISEASES,ATC 3rd,21603248,20,1350
21603458,R06AB,Substituted alkylamines,ATC 4th,21603445,6,2523
21603532,R07AA,Lung surfactants,ATC 4th,21603531,6,30
21603594,S01AX,Other antiinfectives,ATC 4th,21603552,35,1161
21603669,S01CC,"Antiinflammatory agents, non-steroids and antiinfectives in combination",ATC 4th,21603650,1,304
21603698,S01ED,Beta blocking agents,ATC 4th,21603671,5,198
21605117,S01KX,Other surgical aids,ATC 4th,21605112,2,34
21605291,V03AX,Other therapeutic products,ATC 4th,21605228,2,20
21605463,V09CA,Technetium (99mTc) compounds,ATC 4th,21605462,2,8
21605492,V09EA,"Technetium (99mTc), inhalants",ATC 4th,21605491,1,1
21605509,V09G,CARDIOVASCULAR SYSTEM,ATC 3rd,21605444,8,44
21605536,V09I,TUMOUR DETECTION,ATC 3rd,21605444,14,1356
947782,L01CE,Topoisomerase 1 (TOP1) inhibitors,ATC 4th,21601445,2,43
947757,L01EG,Mammalian target of rapamycin (mTOR) kinase inhibitors,ATC 4th,947753,3,115
947854,L01EM,Phosphatidylinositol-3-kinase (Pi3K) inhibitors,ATC 4th,947753,5,81
954971,L01FE,EGFR (Epidermal Growth Factor Receptor) inhibitors,ATC 4th,955076,3,33
954994,L01EN,Fibroblast growth factor receptor (FGFR) tyrosine kinase inhibitors,ATC 4th,947753,4,70
955006,N02BF,Gabapentinoids,ATC 4th,21604303,2,142
955076,L01F,MONOCLONAL ANTIBODIES AND ANTIBODY DRUG CONJUGATES,ATC 3rd,21601387,55,772
21605212,V,VARIOUS,ATC 1st,,635,7448
21600856,A11JC,"Vitamins, other combinations",ATC 4th,21600853,0,0
21601192,B05DA,Isotonic solutions,ATC 4th,21601191,0,0
21602194,D07XD,"Corticosteroids, very potent, other combinations",ATC 4th,21602178,0,0
21602280,D09AX,Soft paraffin dressings,ATC 4th,21602262,0,0
21602632,G04BC,Urinary concrement solvents,ATC 4th,21602628,0,0
21601328,J07AX,Other bacterial vaccines,ATC 4th,21601279,0,0
925124,J07BP,Chikungunya vaccines,ATC 4th,21601329,0,0
21600095,A02BC,Proton pump inhibitors,ATC 4th,21600080,6,253
21600521,A05B,"LIVER THERAPY, LIPOTROPICS",ATC 3rd,21600509,11,154
21600667,A07F,ANTIDIARRHEAL MICROORGANISMS,ATC 3rd,21600600,23,317
21600765,A10BD,Combinations of oral blood glucose lowering drugs,ATC 4th,21600744,1,473
21600823,A11D,"VITAMIN B1, PLAIN AND IN COMBINATION WITH VITAMIN B6 AND B12",ATC 3rd,21600800,3,129
21600835,A11G,"ASCORBIC ACID (VITAMIN C), INCL. COMBINATIONS",ATC 3rd,21600800,1,355
21600840,A11H,OTHER PLAIN VITAMIN PREPARATIONS,ATC 3rd,21600800,17,813
21601034,B02AA,Amino acids,ATC 4th,21601033,4,71
21601091,B03AB,"Iron trivalent, oral preparations",ATC 4th,21601078,15,225
21601120,B03BA,Vitamin B12 (cyanocobalamin and analogues),ATC 4th,21601119,4,868
21601226,B06A,OTHER HEMATOLOGICAL AGENTS,ATC 3rd,21601225,19,327
21601227,B06AA,Enzymes,ATC 4th,21601226,4,118
21601239,C01A,CARDIAC GLYCOSIDES,ATC 3rd,21601238,10,166
21600403,C02B,"ANTIADRENERGIC AGENTS, GANGLION-BLOCKING",ATC 3rd,21600381,2,21
21600425,C02DA,Thiazide derivatives,ATC 4th,21600424,1,45
21601461,C03,DIURETICS,ATC 2nd,21601237,35,1558
21601585,C04AF,Enzymes,ATC 4th,21601561,1,4
21601731,C07DA,"Beta blocking agents, non-selective, thiazides and other diuretics",ATC 4th,21601730,0,11
21601841,C09DB,Angiotensin II receptor blockers (ARBs) and calcium channel blockers,ATC 4th,21601832,0,87
21602002,D04,"ANTIPRURITICS, INCL. ANTIHISTAMINES, ANESTHETICS, ETC.",ATC 2nd,21601907,19,2462
21602056,D06AA,Tetracycline and derivatives,ATC 4th,21602055,4,273
21602261,D09,MEDICATED DRESSINGS,ATC 2nd,21601907,14,2422
21602262,D09A,MEDICATED DRESSINGS,ATC 3rd,21602261,14,2422
21602446,G02BA,Intrauterine contraceptives,ATC 4th,21602445,31,660
21602514,G03C,ESTROGENS,ATC 3rd,21602471,16,938
21602629,G04BA,Acidifiers,ATC 4th,21602628,2,101
21602705,H01BB,Oxytocin and analogues,ATC 4th,21602697,1,26
21602748,H02C,ANTIADRENAL PREPARATIONS,ATC 3rd,21602722,3,131
21602749,H02CA,Anticorticosteroids,ATC 4th,21602748,3,131
21602752,H03A,THYROID PREPARATIONS,ATC 3rd,21602751,6,988
21602753,H03AA,Thyroid hormones,ATC 4th,21602752,6,988
21602770,H03BX,Other antithyroid preparations,ATC 4th,21602759,1,36
21602818,J01C,"BETA-LACTAM ANTIBACTERIALS, PENICILLINS",ATC 3rd,21602796,32,1741
21602949,J01ED,Long-acting sulfonamides,ATC 4th,21602929,5,891
21603114,J04AM,Combinations of drugs for treatment of tuberculosis,ATC 4th,21603090,0,34
21603177,J05AH,Neuraminidase inhibitors,ATC 4th,21603127,3,43
21601321,J07AP,Typhoid vaccines,ATC 4th,21601279,4,32
21601427,L01BB,Purine analogues,ATC 4th,21601421,6,86
21601445,L01C,PLANT ALKALOIDS AND OTHER NATURAL PRODUCTS,ATC 3rd,21601387,12,215
21603940,M01AB,Acetic acid derivatives and related substances,ATC 4th,21603933,13,743
21603998,M01AX,"Other antiinflammatory and antirheumatic agents, non-steroids",ATC 4th,21603933,14,279
21604075,M03AB,Choline derivatives,ATC 4th,21604070,1,22
21604129,M04A,ANTIGOUT PREPARATIONS,ATC 3rd,21604128,10,211
21604186,N01AB,Halogenated hydrocarbons,ATC 4th,21604182,7,76
21604383,N02CX,Other antimigraine preparations,ATC 4th,21604364,5,148
21604462,N04B,DOPAMINERGIC AGENTS,ATC 3rd,21604443,19,761
21604470,N04BB,Adamantane derivatives,ATC 4th,21604462,1,74
21604485,N04BX,Other dopaminergic agents,ATC 4th,21604462,4,40
21604602,N05BX,Other anxiolytics,ATC 4th,21604564,2,5
21604649,N05CE,Piperidinedione derivatives,ATC 4th,21604606,2,20
21604661,N05CM,Other hypnotics and sedatives,ATC 4th,21604606,12,220
21604820,N07BB,Drugs used in alcohol dependence,ATC 4th,21604816,5,94
21604838,N07X,OTHER NERVOUS SYSTEM DRUGS,ATC 3rd,21604801,20,1541
21604917,P01CC,Nitrofuran derivatives,ATC 4th,21604911,2,44
21604961,P02D,ANTICESTODALS,ATC 3rd,21604927,2,14
21603215,R02,THROAT PREPARATIONS,ATC 2nd,21605007,30,3845
21603303,R03CA,Alpha- and beta-adrenoreceptor agonists,ATC 4th,21603302,1,173
21603305,R03CB,Non-selective beta-adrenoreceptor agonists,ATC 4th,21603302,3,141
21603379,R05CB,Mucolytics,ATC 4th,21603366,13,334
21603395,R05D,"COUGH SUPPRESSANTS, EXCL. COMBINATIONS WITH EXPECTORANTS",ATC 3rd,21603365,52,2838
21603715,S01EX,Other antiglaucoma preparations,ATC 4th,21603671,3,45
21605107,S01JA,Colouring agents,ATC 4th,21605106,2,30
21605112,S01K,SURGICAL AIDS,ATC 3rd,21603551,5,455
21605144,S02,OTOLOGICALS,ATC 2nd,21603550,44,7241
21605298,V04CA,Tests for diabetes,ATC 4th,21605297,2,209
21605318,V04CG,Tests for gastric secretion,ATC 4th,21605297,6,143
21605339,V04CM,Tests for fertility disturbances,ATC 4th,21605297,1,52
21605409,V08AD,Non-watersoluble X-ray contrast media,ATC 4th,21605373,3,9
21605446,V09AA,Technetium (99mTc) compounds,ATC 4th,21605445,1,1
947783,L01EL,Bruton's tyrosine kinase (BTK) inhibitors,ATC 4th,947753,4,68
947905,L01EX,Other protein kinase inhibitors,ATC 4th,947753,21,288
955075,L04AG,Monoclonal antibodies,ATC 4th,21603891,15,204
21600232,A03E,ANTISPASMODICS AND ANTICHOLINERGICS IN COMBINATION WITH OTHER DRUGS,ATC 3rd,21600127,0,0
21600814,A11CB,Vitamin A and D in combination,ATC 4th,21600810,0,0
21600853,A11J,"OTHER VITAMIN PRODUCTS, COMBINATIONS",ATC 3rd,21600800,0,0
21600246,C01AX,Other cardiac glycosides,ATC 4th,21601239,0,0
21601616,C05AB,Antibiotics,ATC 4th,21601606,0,0
21602427,G01BE,Sulfonamides and corticosteroids,ATC 4th,21602423,0,0
21600003,A01A,STOMATOLOGICAL PREPARATIONS,ATC 3rd,21600002,36,5775
21600011,A01AB,Antiinfectives and antiseptics for local oral treatment,ATC 4th,21600003,21,2174
21600068,A02AD,"Combinations and complexes of aluminium, calcium and magnesium compounds",ATC 4th,21600047,11,758
21600129,A03AA,"Synthetic anticholinergics, esters with tertiary amino group",ATC 4th,21600128,8,141
21600174,A03AX,Other drugs for functional gastrointestinal disorders,ATC 4th,21600128,10,94
21600490,A04,ANTIEMETICS AND ANTINAUSEANTS,ATC 2nd,21600001,13,608
21600643,A07DA,Antipropulsives,ATC 4th,21600642,5,182
21600651,A07E,INTESTINAL ANTIINFLAMMATORY AGENTS,ATC 3rd,21600600,13,2009
21600679,A08,"ANTIOBESITY PREPARATIONS, EXCL. DIET PRODUCTS",ATC 2nd,21600001,12,562
21600697,A09,"DIGESTIVES, INCL. ENZYMES",ATC 2nd,21600001,14,522
21600713,A10A,INSULINS AND ANALOGUES,ATC 3rd,21600712,28,718
21600745,A10BA,Biguanides,ATC 4th,21600744,2,94
21600841,A11HA,Other plain vitamin preparations,ATC 4th,21600840,17,813
21600904,A12CD,Fluoride,ATC 4th,21600884,3,781
21600914,A14,ANABOLIC AGENTS FOR SYSTEMIC USE,ATC 2nd,21600001,10,457
21600915,A14A,ANABOLIC STEROIDS,ATC 3rd,21600914,10,457
21600932,A16,OTHER ALIMENTARY TRACT AND METABOLISM PRODUCTS,ATC 2nd,21600001,56,843
21601044,B02BA,Vitamin K,ATC 4th,21601043,2,57
21601136,B05,BLOOD SUBSTITUTES AND PERFUSION SOLUTIONS,ATC 2nd,21600959,76,5865
21601137,B05A,BLOOD AND RELATED PRODUCTS,ATC 3rd,21601136,9,196
40253602,B06AC,Drugs used in hereditary angioedema,ATC 4th,21601226,8,117
21601238,C01,CARDIAC THERAPY,ATC 2nd,21601237,98,4391
21600249,C01BA,"Antiarrhythmics, class Ia",ATC 4th,21600248,6,200
21600409,C02C,"ANTIADRENERGIC AGENTS, PERIPHERALLY ACTING",ATC 3rd,21600381,8,169
21600424,C02D,"ARTERIOLAR SMOOTH MUSCLE, AGENTS ACTING ON",ATC 3rd,21600381,6,191
21600441,C02KB,Tyrosine hydroxylase inhibitors,ATC 4th,21600438,1,7
21601652,C05C,CAPILLARY STABILIZING AGENTS,ATC 3rd,21601605,7,148
21601698,C07AG,Alpha and beta blocking agents,ATC 4th,21601665,2,124
21601919,D01AC,Imidazole and triazole derivatives,ATC 4th,21601909,18,1075
21602004,D04AA,Antihistamines for topical use,ATC 4th,21602003,12,869
21602140,D07AD,"Corticosteroids, very potent (group IV)",ATC 4th,21602099,2,119
21602182,D07XB,"Corticosteroids, moderately potent, other combinations",ATC 4th,21602178,0,1371
21602263,D09AA,Medicated dressings with antiinfectives,ATC 4th,21602262,13,1563
21602341,D11AX,Other dermatologicals,ATC 4th,21602324,21,1687
21602384,G01AD,Organic acids,ATC 4th,21602361,6,493
21602559,G03EA,Androgens and estrogens,ATC 4th,21602558,0,103
21602585,G03FB,"Progestogens and estrogens, sequential preparations",ATC 4th,21602566,6,505
21602618,G03X,OTHER SEX HORMONES AND MODULATORS OF THE GENITAL SYSTEM,ATC 3rd,21602471,8,89
21602779,H05,CALCIUM HOMEOSTASIS,ATC 2nd,21602681,14,227
21602791,H05BX,Other anti-parathyroid agents,ATC 4th,21602785,5,120
21603053,J01XD,Imidazole derivatives,ATC 4th,21603041,3,232
21601279,J07A,BACTERIAL VACCINES,ATC 3rd,21601278,76,576
21601284,J07AE,Cholera vaccines,ATC 4th,21601279,3,22
21601304,J07AJ,Pertussis vaccines,ATC 4th,21601279,4,231
21603728,L01D,CYTOTOXIC ANTIBIOTICS AND RELATED SUBSTANCES,ATC 3rd,21601387,13,205
21603850,L03AA,Colony stimulating factors,ATC 4th,21603849,9,230
21603934,M01AA,Butylpyrazolidines,ATC 4th,21603933,5,107
21604016,M01BA,Antiinflammatory/antirheumatic agents in combination with corticosteroids,ATC 4th,21604015,0,12
21604626,N05CB,"Barbiturates, combinations",ATC 4th,21604606,15,261
21604685,N06,PSYCHOANALEPTICS,ATC 2nd,21604180,100,3156
21604817,N07BA,Drugs used in nicotine dependence,ATC 4th,21604816,3,179
21604832,N07CA,Antivertigo preparations,ATC 4th,21604831,4,139
21604864,P01AC,Dichloroacetamide derivatives,ATC 4th,21604849,3,21
40252852,P01BF,"Artemisinin and derivatives, combinations",ATC 4th,21604886,2,18
21603217,R02AA,Antiseptics,ATC 4th,21603216,16,1813
21603241,R02AD,"Anesthetics, local",ATC 4th,21603216,5,1376
21603297,R03BC,"Antiallergic agents, excl. corticosteroids",ATC 4th,21603282,3,101
21603302,R03C,ADRENERGICS FOR SYSTEMIC USE,ATC 3rd,21603248,16,753
21603366,R05C,"EXPECTORANTS, EXCL. COMBINATIONS WITH COUGH SUPPRESSANTS",ATC 3rd,21603365,24,951
21603446,R06AA,Aminoalkyl ethers,ATC 4th,21603445,9,1516
43534855,S01AE,Fluoroquinolones,ATC 4th,21603552,8,311
21603692,S01EC,Carbonic anhydrase inhibitors,ATC 4th,21603671,5,78
21605119,S01L,OCULAR VASCULAR DISORDER AGENTS,ATC 3rd,21603551,7,231
21605164,S02B,CORTICOSTEROIDS,ATC 3rd,21605144,5,1819
21605199,S03B,CORTICOSTEROIDS,ATC 3rd,21605187,3,946
21605285,V03AN,Medical gases,ATC 4th,21605228,5,236
21605308,V04CD,Tests for pituitary function,ATC 4th,21605297,5,33
21605316,V04CF,Tuberculosis diagnostics,ATC 4th,21605297,2,32
21605437,V08D,ULTRASOUND CONTRAST MEDIA,ATC 3rd,21605372,5,8
21605518,V09GB,Iodine (125I) compounds,ATC 4th,21605509,2,21
21605573,V10AX,Other antiinflammatory therapeutic radiopharmaceuticals,ATC 4th,21605568,4,12
21605585,V10X,OTHER THERAPEUTIC RADIOPHARMACEUTICALS,ATC 3rd,21605567,9,379
947977,L01XG,Proteasome inhibitors,ATC 4th,21603746,3,52
954954,L04AK,Dihydroorotate dehydrogenase (DHODH) inhibitors,ATC 4th,21603891,2,26
21600231,A03DC,Other antispasmodics in combination with analgesics,ATC 4th,21600220,0,0
21601453,C02LK,"Alkaloids, excl. rauwolfia, in combination with diuretics",ATC 4th,21600451,0,0
21601457,C02LN,Serotonin antagonists and diuretics,ATC 4th,21600451,0,0
21601972,D02AC,Soft paraffin and fat products,ATC 4th,21601969,0,0
21602201,D08AB,Aluminium agents,ATC 4th,21602196,0,0
21602425,G01BC,Quinoline derivatives and corticosteroids,ATC 4th,21602423,0,0
21604064,M02AC,Preparations with salicylic acid derivatives,ATC 4th,21604035,0,0
21605365,V07AR,"Sensitivity tests, discs and tablets",ATC 4th,21605359,0,0
21605367,V07AT,Cosmetics,ATC 4th,21605359,0,0
21600033,A01AC,Corticosteroids for local oral treatment,ATC 4th,21600003,4,1883
21600080,A02B,DRUGS FOR PEPTIC ULCER AND GASTRO-OESOPHAGEAL REFLUX DISEASE (GORD),ATC 3rd,21600046,22,826
21600202,A03CA,Synthetic anticholinergic agents in combination with psycholeptics,ATC 4th,21600201,1,59
21600522,A05BA,Liver therapy,ATC 4th,21600521,11,154
21600622,A07AX,Other intestinal antiinfectives,ATC 4th,21600601,2,22
21600627,A07B,INTESTINAL ADSORBENTS,ATC 3rd,21600600,7,487
21600951,A16AX,Various alimentary tract and metabolism products,ATC 4th,21600933,25,435
21601060,B02BD,Blood coagulation factors,ATC 4th,21601043,14,398
21601078,B03A,IRON PREPARATIONS,ATC 3rd,21601077,27,1127
21601160,B05BB,Solutions affecting the electrolyte balance,ATC 4th,21601153,13,1109
21601235,B06AB,Heme products,ATC 4th,21601226,1,14
21600360,C01E,OTHER CARDIAC PREPARATIONS,ATC 3rd,21601238,17,1116
21600394,C02AB,Methyldopa,ATC 4th,21600382,1,32
21600432,C02DC,Pyrimidine derivatives,ATC 4th,21600424,1,74
21601455,C02LL,MAO inhibitors and diuretics,ATC 4th,21600451,0,2
21601463,C03AA,"Thiazides, plain",ATC 4th,21601462,9,228
21601533,C03DA,Aldosterone antagonists,ATC 4th,21601532,5,114
21601574,C04AD,Purine derivatives,ATC 4th,21601561,3,59
21601634,C05B,ANTIVARICOSE THERAPY,ATC 3rd,21601605,10,719
21601744,C08,CALCIUM CHANNEL BLOCKERS,ATC 2nd,21601237,23,1315
21601822,C09C,"ANGIOTENSIN II RECEPTOR BLOCKERS (ARBs), PLAIN",ATC 3rd,21601782,8,164
21601848,C09X,OTHER AGENTS ACTING ON THE RENIN-ANGIOTENSIN SYSTEM,ATC 3rd,21601782,2,67
21601864,C10AB,Fibrates,ATC 4th,21601854,7,220
21601998,D03BA,Proteolytic enzymes,ATC 4th,21601997,4,96
21602028,D05,ANTIPSORIATICS,ATC 2nd,21601907,20,713
21602152,D07BC,"Corticosteroids, potent, combinations with antiseptics",ATC 4th,21602143,0,19
21602321,D10BX,Other anti-acne preparations for systemic use,ATC 4th,21602318,1,16
21602437,G02AD,Prostaglandins,ATC 4th,21602430,5,90
21602488,G03AB,"Progestogens and estrogens, sequential preparations",ATC 4th,21602472,0,491
21602666,G04C,DRUGS USED IN BENIGN PROSTATIC HYPERTROPHY,ATC 3rd,21602627,8,116
21602667,G04CA,Alpha-adrenoreceptor antagonists,ATC 4th,21602666,4,90
21602728,H02AB,Glucocorticoids,ATC 4th,21602723,17,2567
21602786,H05BA,Calcitonin preparations,ATC 4th,21602785,3,44
21602840,J01CE,Beta-lactamase sensitive penicillins,ATC 4th,21602818,5,501
21602930,J01EA,Trimethoprim and derivatives,ATC 4th,21602929,2,61
21602944,J01EC,Intermediate-acting sulfonamides,ATC 4th,21602929,4,881
21603060,J01XX,Other antibacterials,ATC 4th,21603041,14,273
21603076,J02AB,Imidazole derivatives,ATC 4th,21603072,2,375
21603089,J04,ANTIMYCOBACTERIALS,ATC 2nd,21602795,19,314
21603095,J04AB,Antibiotics,ATC 4th,21603090,7,103
21603102,J04AC,Hydrazides,ATC 4th,21603090,1,86
21603127,J05A,DIRECT ACTING ANTIVIRALS,ATC 3rd,21603126,76,1584
21603172,J05AG,Non-nucleoside reverse transcriptase inhibitors,ATC 4th,21603127,6,107
21601255,J06BA,"Immunoglobulins, normal human",ATC 4th,21601254,1,1
21601295,J07AH,Meningococcal vaccines,ATC 4th,21601279,19,90
21601337,J07BC,Hepatitis vaccines,ATC 4th,21601329,7,331
21601364,J07BL,Yellow fever vaccines,ATC 4th,21601329,1,20
21601398,L01AB,Alkyl sulfonates,ATC 4th,21601388,2,36
21603890,L04,IMMUNOSUPPRESSANTS,ATC 2nd,21601386,94,2504
21603923,L04AD,Calcineurin inhibitors,ATC 4th,21603891,3,217
21603966,M01AE,Propionic acid derivatives,ATC 4th,21603933,12,1023
21604024,M01CB,Gold preparations,ATC 4th,21604021,3,40
21604061,M02AB,Capsaicin and similar agents,ATC 4th,21604035,1,207
21604130,M04AA,Preparations inhibiting uric acid production,ATC 4th,21604129,3,103
21604143,M04AX,Other antigout preparations,ATC 4th,21604129,2,26
21604148,M05BA,Bisphosphonates,ATC 4th,21604147,10,185
21604269,N02AB,Phenylpiperidine derivatives,ATC 4th,21604254,2,331
21604397,N03AB,Hydantoin derivatives,ATC 4th,21604390,5,181
21604443,N04,ANTI-PARKINSON DRUGS,ATC 2nd,21604180,32,1459
21604525,N05AE,Indole derivatives,ATC 4th,21604490,5,107
21604831,N07C,ANTIVERTIGO PREPARATIONS,ATC 3rd,21604801,4,139
21604967,P03,"ECTOPARASITICIDES, INCL. SCABICIDES, INSECTICIDES AND REPELLENTS",ATC 2nd,21604847,23,544
21604976,P03AB,Chlorine containing products,ATC 4th,21604968,1,27
21604994,P03B,INSECTICIDES AND REPELLENTS,ATC 3rd,21604967,6,14
21605010,R01AA,"Sympathomimetics, plain",ATC 4th,21605009,11,1000
21603246,R02AX,Other throat preparations,ATC 4th,21603216,3,475
21603367,R05CA,Expectorants,ATC 4th,21603366,11,617
21603444,R06,ANTIHISTAMINES FOR SYSTEMIC USE,ATC 2nd,21605007,54,5222
21605146,S02AA,Antiinfectives,ATC 4th,21605145,35,3516
21605172,S02CA,Corticosteroids and antiinfectives in combination,ATC 4th,21605171,0,1004
21605228,V03A,ALL OTHER THERAPEUTIC PRODUCTS,ATC 3rd,21605227,67,2152
21605331,V04CJ,Tests for thyreoidea function,ATC 4th,21605297,3,18
21605444,V09,DIAGNOSTIC RADIOPHARMACEUTICALS,ATC 2nd,21605212,38,1462
21605504,V09FX,Various thyroid diagnostic radiopharmaceuticals,ATC 4th,21605503,2,25
21605557,V09X,OTHER DIAGNOSTIC RADIOPHARMACEUTICALS,ATC 3rd,21605444,4,300
21605586,V10XA,Iodine (131I) compounds,ATC 4th,21605585,4,339
21600959,B,BLOOD AND BLOOD FORMING ORGANS,ATC 1st,,240,11022
21600801,A11A,"MULTIVITAMINS, COMBINATIONS",ATC 3rd,21600800,0,0
21600828,A11DB,Vitamin B1 in combination with vitamin B6 and/or vitamin B12,ATC 4th,21600823,0,0
21600912,A13,TONICS,ATC 2nd,21600001,0,0
21600930,A14B,OTHER ANABOLIC AGENTS,ATC 3rd,21600914,0,0
21601458,C02LX,Other antihypertensives and diuretics,ATC 4th,21600451,0,0
21601460,C02N,COMBINATIONS OF ANTIHYPERTENSIVES IN ATC-GR. C02,ATC 3rd,21600381,0,0
21601736,C07EA,"Beta blocking agents, non-selective, and vasodilators",ATC 4th,21601735,0,0
21601973,D02AD,Liquid plasters,ATC 4th,21601969,0,0
21604920,P01CD,Arsenic compounds,ATC 4th,21604911,0,0
21600161,A03AC,"Synthetic antispasmodics, amides with tertiary amines",ATC 4th,21600128,1,4
21600554,A06AC,Bulk-forming laxatives,ATC 4th,21600532,10,161
21600583,A06AG,Enemas,ATC 4th,21600532,472,1475
21600699,A09AA,Enzyme preparations,ATC 4th,21600698,10,351
21600709,A09AC,"Enzyme and acid preparations, combinations",ATC 4th,21600698,0,35
21600749,A10BB,Sulfonylureas,ATC 4th,21600744,11,236
715764,B06AX,Other hematological agents,ATC 4th,21601226,6,78
21600248,C01B,"ANTIARRHYTHMICS, CLASS I AND III",ATC 3rd,21601238,20,1126
21600276,C01BG,"Other antiarrhythmics, class I and III",ATC 4th,21600248,2,19
21600445,C02KD,Serotonin antagonists,ATC 4th,21600438,1,9
21601462,C03A,"LOW-CEILING DIURETICS, THIAZIDES",ATC 3rd,21601461,9,814
21601489,C03B,"LOW-CEILING DIURETICS, EXCL. THIAZIDES",ATC 3rd,21601461,10,124
21601833,C09DA,Angiotensin II receptor blockers (ARBs) and diuretics,ATC 4th,21601832,0,181
21601908,D01,ANTIFUNGALS FOR DERMATOLOGICAL USE,ATC 2nd,21601907,38,3673
21601910,D01AA,Antibiotics,ATC 4th,21601909,3,297
21601968,D02,EMOLLIENTS AND PROTECTIVES,ATC 2nd,21601907,6,694
21601986,D03A,CICATRIZANTS,ATC 3rd,21601985,18,542
21602031,D05AC,Antracen derivatives,ATC 4th,21602029,1,129
21602034,D05AD,Psoralens for topical use,ATC 4th,21602029,2,43
21602098,D07,"CORTICOSTEROIDS, DERMATOLOGICAL PREPARATIONS",ATC 2nd,21601907,33,4908
21602323,D11,OTHER DERMATOLOGICAL PREPARATIONS,ATC 2nd,21601907,56,4713
21602450,G02BB,Intravaginal contraceptives,ATC 4th,21602445,30,1049
21602464,G02CC,Antiinflammatory products for vaginal administration,ATC 4th,21602452,3,601
21602496,G03AC,Progestogens,ATC 4th,21602472,9,401
21602511,G03BB,5-androstanon (3) derivatives,ATC 4th,21602506,2,322
21602633,G04BD,Drugs for urinary frequency and incontinence,ATC 4th,21602628,12,251
21602722,H02,CORTICOSTEROIDS FOR SYSTEMIC USE,ATC 2nd,21602681,23,2726
21602751,H03,THYROID THERAPY,ATC 2nd,21602681,12,1103
21602759,H03B,ANTITHYROID PREPARATIONS,ATC 3rd,21602751,6,115
21602777,H04AA,Glycogenolytic hormones,ATC 4th,21602776,2,51
21602858,J01CG,Beta-lactamase inhibitors,ATC 4th,21602818,2,20
21603027,J01MB,Other quinolones,ATC 4th,21603006,6,65
21603041,J01X,OTHER ANTIBACTERIALS,ATC 3rd,21602796,26,801
21603057,J01XE,Nitrofuran derivatives,ATC 4th,21603041,1,58
21603071,J02,ANTIMYCOTICS FOR SYSTEMIC USE,ATC 2nd,21602795,15,654
21603180,J05AR,"Antivirals for treatment of HIV infections, combinations",ATC 4th,21603127,1,165
21601258,J06BB,Specific immunoglobulins,ATC 4th,21601254,12,244
21601280,J07AC,Anthrax vaccines,ATC 4th,21601279,2,11
21601290,J07AG,Haemophilus influenzae B vaccines,ATC 4th,21601279,8,283
21601422,L01BA,Folic acid analogues,ATC 4th,21601421,4,246
21603783,L01XX,Other antineoplastic agents,ATC 4th,21603746,31,483
21603819,L02AB,Progestogens,ATC 4th,21603813,3,151
21604034,M02,TOPICAL PRODUCTS FOR JOINT AND MUSCULAR PAIN,ATC 2nd,21603931,30,1839
21604200,N01AH,Opioid anesthetics,ATC 4th,21604182,6,314
21604343,N02BE,Anilides,ATC 4th,21604303,2,2943
21604354,N02BG,Other analgesics and antipyretics,ATC 4th,21604303,10,97
21604490,N05A,ANTIPSYCHOTICS,ATC 3rd,21604489,64,2077
21604510,N05AC,Phenothiazines with piperidine structure,ATC 4th,21604490,4,148
21604530,N05AF,Thioxanthene derivatives,ATC 4th,21604490,4,139
21604887,P01BA,Aminoquinolines,ATC 4th,21604886,5,102
21604909,P01BX,Other antimalarials,ATC 4th,21604886,1,10
21604929,P02BA,Quinoline derivatives and related substances,ATC 4th,21604928,2,62
21604932,P02BB,Organophosphorous compounds,ATC 4th,21604928,1,2
21604934,P02BX,Other antitrematodal agents,ATC 4th,21604928,3,9
21603248,R03,DRUGS FOR OBSTRUCTIVE AIRWAY DISEASES,ATC 2nd,21605007,65,4277
21603274,R03AK,"Adrenergics in combination with corticosteroids or other drugs, excl. anticholinergics",ATC 4th,21603249,1,287
21603282,R03B,"OTHER DRUGS FOR OBSTRUCTIVE AIRWAY DISEASES, INHALANTS",ATC 3rd,21603248,23,1574
21603328,R03DA,Xanthines,ATC 4th,21603327,8,1140
21603437,R05FA,Opium derivatives and expectorants,ATC 4th,21603436,0,2865
21603579,S01AB,Sulfonamides,ATC 4th,21603552,3,215
21605097,S01HA,Local anesthetics,ATC 4th,21605096,21,1307
21605279,V03AG,Drugs for treatment of hypercalcemia,ATC 4th,21605228,3,47
21605293,V03AZ,Nerve depressants,ATC 4th,21605228,1,350
21605313,V04CE,Tests for liver functional capacity,ATC 4th,21605297,2,8
21605341,V04CX,Other diagnostic agents,ATC 4th,21605297,14,608
21605373,V08A,"X-RAY CONTRAST MEDIA, IODINATED",ATC 3rd,21605372,24,105
21605438,V08DA,Ultrasound contrast media,ATC 4th,21605437,5,8
21605453,V09AX,Other central nervous system diagnostic radiopharmaceuticals,ATC 4th,21605445,6,296
21605469,V09CX,Other renal system diagnostic radiopharmaceuticals,ATC 4th,21605462,3,3
21605537,V09IA,Technetium (99mTc) compounds,ATC 4th,21605536,1,1
947895,L01EE,Mitogen-activated protein kinase (MEK) inhibitors,ATC 4th,947753,5,71
955030,L04AF,Janus-associated kinase (JAK) inhibitors,ATC 4th,21603891,6,94
723224,C09XX,Other agents acting on the renin-angiotensin system,ATC 4th,21601848,1,11
21600831,A11EB,Vitamin B-complex with vitamin C,ATC 4th,21600829,0,0
21600913,A13A,TONICS,ATC 3rd,21600912,0,0
21601513,C03BK,"Sulfonamides, combinations with other drugs",ATC 4th,21601489,0,0
21601735,C07E,BETA BLOCKING AGENTS AND VASODILATORS,ATC 3rd,21601664,0,0
21601971,D02AB,Zinc products,ATC 4th,21601969,0,0
21602176,D07CD,"Corticosteroids, very potent, combinations with antibiotics",ATC 4th,21602158,0,0
21604198,N01AG,Barbiturates in combination with other drugs,ATC 4th,21604182,0,0
21604373,N02CB,Corticosteroid derivatives,ATC 4th,21604364,0,0
21605284,V03AM,Drugs for embolisation,ATC 4th,21605228,0,0
21605343,V06A,DIET FORMULATIONS FOR TREATMENT OF OBESITY,ATC 3rd,21605342,0,0
21605358,V07,ALL OTHER NON-THERAPEUTIC PRODUCTS,ATC 2nd,21605212,0,0
21605362,V07AC,"Blood transfusion, auxiliary products",ATC 4th,21605359,0,0
21605369,V07AX,Washing agents etc.,ATC 4th,21605359,0,0
21605435,V08CX,Other magnetic resonance imaging contrast media,ATC 4th,21605418,0,0
21601101,B03AC,"Iron, parenteral preparations; parenteral",ATC 4th,21601078,0,0
21600491,A04A,ANTIEMETICS AND ANTINAUSEANTS,ATC 3rd,21600490,13,608
21600531,A06,DRUGS FOR CONSTIPATION,ATC 2nd,21600001,528,3809
21600533,A06AA,"Softeners, emollients",ATC 4th,21600532,3,322
21600620,A07AC,Imidazole derivatives,ATC 4th,21600601,1,291
21600652,A07EA,Corticosteroids acting locally,ATC 4th,21600651,7,1742
21600704,A09AB,Acid preparations,ATC 4th,21600698,4,136
21600763,A10BC,Sulfonamides (heterocyclic),ATC 4th,21600744,1,7
21600797,A10X,OTHER DRUGS USED IN DIABETES,ATC 3rd,21600712,3,22
21600916,A14AA,Androstan derivatives,ATC 4th,21600915,8,400
21601079,B03AA,"Iron bivalent, oral preparations",ATC 4th,21601078,11,605
21601119,B03B,VITAMIN B12 AND FOLIC ACID,ATC 3rd,21601077,6,1286
21600311,C01CX,Other cardiac stimulants,ATC 4th,21600279,4,68
21600337,C01DX,Other vasodilators used in cardiac diseases,ATC 4th,21600315,12,107
21600404,C02BA,Sulfonium derivatives,ATC 4th,21600403,1,9
21600439,C02KA,"Alkaloids, excl. rauwolfia",ATC 4th,21600438,7,7
21600464,C02LB,Methyldopa and diuretics in combination,ATC 4th,21600451,0,27
21601525,C03CC,Aryloxyacetic acid derivatives,ATC 4th,21601516,1,17
21601562,C04AA,2-amino-1-phenylethanol derivatives,ATC 4th,21601561,3,37
21601606,C05A,AGENTS FOR TREATMENT OF HEMORRHOIDS AND ANAL FISSURES FOR TOPICAL USE,ATC 3rd,21601605,38,8911
21601653,C05CA,Bioflavonoids,ATC 4th,21601652,3,123
21601783,C09A,"ACE INHIBITORS, PLAIN",ATC 3rd,21601782,15,389
21602082,D06BB,Antivirals,ATC 4th,21602073,12,225
21602311,D10AX,Other anti-acne preparations for topical use,ATC 4th,21602282,6,274
21602535,G03CX,Other estrogens,ATC 4th,21602514,1,7
21602538,G03DA,Pregnen (4) derivatives,ATC 4th,21602537,4,250
21602567,G03FA,"Progestogens and estrogens, fixed combinations",ATC 4th,21602566,1,641
21602682,H01,PITUITARY AND HYPOTHALAMIC HORMONES AND ANALOGUES,ATC 2nd,21602681,30,871
21602714,H01CB,Somatostatin and analogues,ATC 4th,21602709,5,151
21602776,H04A,GLYCOGENOLYTIC HORMONES,ATC 3rd,21602775,2,51
21602797,J01A,TETRACYCLINES,ATC 3rd,21602796,14,833
21602882,J01DC,Second-generation cephalosporins,ATC 4th,21602868,11,294
21603036,J01RA,Combinations of antibacterials,ATC 4th,21603035,0,39
21601288,J07AF,Diphtheria vaccines,ATC 4th,21601279,1,196
21601389,L01AA,Nitrogen mustard analogues,ATC 4th,21601388,9,198
21601421,L01B,ANTIMETABOLITES,ATC 3rd,21601387,18,541
21603722,L01CD,Taxanes,ATC 4th,21601445,3,84
21603813,L02A,HORMONES AND RELATED AGENTS,ATC 3rd,21603812,13,468
21603838,L02BG,Aromatase inhibitors,ATC 4th,21603829,5,36
21603932,M01,ANTIINFLAMMATORY AND ANTIRHEUMATIC PRODUCTS,ATC 2nd,21603931,63,2656
21604146,M05,DRUGS FOR TREATMENT OF BONE DISEASES,ATC 2nd,21603931,18,428
21604183,N01AA,Ethers,ATC 4th,21604182,1,1
21604409,N03AD,Succinimide derivatives,ATC 4th,21604390,3,39
21604428,N03AX,Other antiepileptics,ATC 4th,21604390,17,610
21604687,N06AA,Non-selective monoamine reuptake inhibitors,ATC 4th,21604686,19,583
21604801,N07,OTHER NERVOUS SYSTEM DRUGS,ATC 2nd,21604180,48,2794
21604803,N07AA,Anticholinesterases,ATC 4th,21604802,4,112
21603249,R03A,"ADRENERGICS, INHALANTS",ATC 3rd,21603248,20,1168
43534842,R03AL,Adrenergics in combination with anticholinergics incl. triple combinations with corticosteroids,ATC 4th,21603249,1,130
21603553,S01AA,Antibiotics,ATC 4th,21603552,28,2876
21603617,S01BA,"Corticosteroids, plain",ATC 4th,21603616,16,2540
21605398,V08AC,"Watersoluble, hepatotropic X-ray contrast media",ATC 4th,21605373,6,27
21605503,V09F,THYROID,ATC 3rd,21605444,2,25
21603079,J02AC,Triazole and tetrazole derivatives,ATC 4th,21603072,6,156
947842,L01EC,B-Raf serine-threonine kinase (BRAF) inhibitors,ATC 4th,947753,4,54
954868,L01XL,Antineoplastic cell and gene therapy,ATC 4th,21603746,10,124
955059,L04AH,Mammalian target of rapamycin (mTOR) kinase inhibitors,ATC 4th,21603891,2,106
955110,N05CJ,Orexin receptor antagonists,ATC 4th,21604606,3,41
21601907,D,DERMATOLOGICALS,ATC 1st,,302,23646
21604180,N,NERVOUS SYSTEM,ATC 1st,,479,24975
21600807,A11AB,"Multivitamins, other combinations",ATC 4th,21600801,0,0
21602209,D08AD,Boric acid products,ATC 4th,21602196,0,0
21602435,G02AC,"Ergot alkaloids and oxytocin incl. analogues, in combination",ATC 4th,21602430,0,0
21602773,H03C,IODINE THERAPY,ATC 3rd,21602751,0,0
21605347,V06CA,Nutrients without phenylalanine,ATC 4th,21605346,0,0
955126,J07XA,Parasitic vaccines,ATC 4th,21601385,0,0
723225,L01XU,Other antineoplastic agents (cont.),ATC 4th,21603746,0,0
21600038,A01AD,Other agents for local oral treatment,ATC 4th,21600003,6,721
21600047,A02A,ANTACIDS,ATC 3rd,21600046,166,2791
21600074,A02AF,Antacids with antiflatulents,ATC 4th,21600047,0,373
21600109,A02BX,Other drugs for peptic ulcer and gastro-oesophageal reflux disease (GORD),ATC 4th,21600080,9,141
21600190,A03B,"BELLADONNA AND DERIVATIVES, PLAIN",ATC 3rd,21600127,8,736
21600191,A03BA,"Belladonna alkaloids, tertiary amines",ATC 4th,21600190,4,506
21600220,A03D,ANTISPASMODICS IN COMBINATION WITH ANALGESICS,ATC 3rd,21600127,1,17
21600532,A06A,DRUGS FOR CONSTIPATION,ATC 3rd,21600531,528,3809
21600565,A06AD,Osmotically acting laxatives,ATC 4th,21600532,18,1063
21600660,A07EB,"Antiallergic agents, excl. corticosteroids",ATC 4th,21600651,2,80
21600811,A11CA,"Vitamin A, plain",ATC 4th,21600810,2,162
21600876,A12BA,Potassium,ATC 4th,21600875,6,872
21601006,B01AD,Enzymes,ATC 4th,21600961,12,114
21601019,B01AE,Direct thrombin inhibitors,ATC 4th,21600961,5,75
21601047,B02BB,Fibrinogen,ATC 4th,21601043,1,20
21601113,B03AE,Iron in other combinations,ATC 4th,21601078,2,2
21601138,B05AA,Blood substitutes and plasma protein fractions,ATC 4th,21601137,7,194
21601164,B05BC,Solutions producing osmotic diuresis,ATC 4th,21601153,2,447
21601240,C01AA,Digitalis glycosides,ATC 4th,21601239,8,143
21600406,C02BB,Secondary and tertiary amines,ATC 4th,21600403,1,12
21601556,C03X,OTHER DIURETICS,ATC 3rd,21601461,2,56
21601569,C04AC,Nicotinic acid and derivatives,ATC 4th,21601561,3,260
21601649,C05BX,Other sclerosing agents,ATC 4th,21601634,1,24
21601733,C07DB,"Beta blocking agents, selective, thiazides and other diuretics",ATC 4th,21601730,0,38
21601765,C08D,SELECTIVE CALCIUM CHANNEL BLOCKERS WITH DIRECT CARDIAC EFFECTS,ATC 3rd,21601744,3,549
21601782,C09,AGENTS ACTING ON THE RENIN-ANGIOTENSIN SYSTEM,ATC 2nd,21601237,25,1018
21601802,C09BA,ACE inhibitors and diuretics,ATC 4th,21601801,0,135
21601964,D01B,ANTIFUNGALS FOR SYSTEMIC USE,ATC 3rd,21601908,2,117
21601983,D02BB,Protectives against UV-radiation for systemic use,ATC 4th,21601979,2,83
21601997,D03B,ENZYMES,ATC 3rd,21601985,4,96
21602099,D07A,"CORTICOSTEROIDS, PLAIN",ATC 3rd,21602098,33,4883
21602104,D07AB,"Corticosteroids, moderately potent (group II)",ATC 4th,21602099,11,3073
21602143,D07B,"CORTICOSTEROIDS, COMBINATIONS WITH ANTISEPTICS",ATC 3rd,21602098,0,162
21602195,D08,ANTISEPTICS AND DISINFECTANTS,ATC 2nd,21601907,47,3657
21602609,G03GB,"Ovulation stimulants, synthetic",ATC 4th,21602597,2,19
21602698,H01BA,Vasopressin and analogues,ATC 4th,21602697,5,130
21602724,H02AA,Mineralocorticoids,ATC 4th,21602723,3,24
21602798,J01AA,Tetracyclines,ATC 4th,21602797,14,833
21602990,J01G,AMINOGLYCOSIDE ANTIBACTERIALS,ATC 3rd,21602796,12,477
21603105,J04AD,Thiocarbamide derivatives,ATC 4th,21603090,2,15
21603122,J04BA,Drugs for treatment of lepra,ATC 4th,21603121,2,30
21603130,J05AB,Nucleosides and nucleotides excl. reverse transcriptase inhibitors,ATC 4th,21603127,13,285
21603145,J05AD,Phosphonic acid derivatives,ATC 4th,21603127,1,10
21601330,J07BA,Encephalitis vaccines,ATC 4th,21601329,2,16
21601341,J07BD,Measles vaccines,ATC 4th,21601329,1,23
21601446,L01CA,Vinca alkaloids and analogues,ATC 4th,21601445,4,49
21603746,L01X,OTHER ANTINEOPLASTIC AGENTS,ATC 3rd,21601387,71,1095
21604030,M01CC,Penicillamine and similar agents,ATC 4th,21604021,1,30
21604140,M04AC,Preparations with no effect on uric acid metabolism,ATC 4th,21604129,1,39
21604246,N01BC,Esters of benzoic acid,ATC 4th,21604220,1,39
21604286,N02AE,Oripavine derivatives,ATC 4th,21604254,1,170
21604303,N02B,OTHER ANALGESICS AND ANTIPYRETICS,ATC 3rd,21604253,30,5619
21604390,N03A,ANTIEPILEPTICS,ATC 3rd,21604389,43,1495
21604515,N05AD,Butyrophenone derivatives,ATC 4th,21604490,8,215
21604606,N05C,HYPNOTICS AND SEDATIVES,ATC 3rd,21604489,56,1135
21604658,N05CH,Melatonin receptor agonists,ATC 4th,21604606,3,101
21604686,N06A,ANTIDEPRESSANTS,ATC 3rd,21604685,60,1614
21604923,P01CX,Other agents against leishmaniasis and trypanosomiasis,ATC 4th,21604911,4,42
21604980,P03AC,"Pyrethrines, incl. synthetic compounds",ATC 4th,21604968,4,77
21605009,R01A,DECONGESTANTS AND OTHER NASAL PREPARATIONS FOR TOPICAL USE,ATC 3rd,21605008,40,4131
21603252,R03AB,Non-selective beta-adrenoreceptor agonists,ATC 4th,21603249,2,127
21603436,R05F,"COUGH SUPPRESSANTS AND EXPECTORANTS, COMBINATIONS",ATC 3rd,21603365,0,3617
21603536,R07AB,Respiratory stimulants,ATC 4th,21603531,5,43
21603663,S01CB,Corticosteroids/antiinfectives/mydriatics in combination,ATC 4th,21603650,5,1733
21605165,S02BA,Corticosteroids,ATC 4th,21605164,5,1819
21605200,S03BA,Corticosteroids,ATC 4th,21605199,3,946
21605481,V09DB,"Technetium (99mTc), particles and colloids",ATC 4th,21605474,1,1
21605510,V09GA,Technetium (99mTc) compounds,ATC 4th,21605509,1,1
947753,L01E,PROTEIN KINASE INHIBITORS,ATC 3rd,21601387,81,1254
954910,L01FB,CD22 (Clusters of Differentiation 22) inhibitors,ATC 4th,955076,2,14
955128,L01FF,PD-1/PD-L1 (Programmed cell death protein 1/death ligand 1) inhibitors,ATC 4th,955076,10,108
21602359,G,GENITO URINARY SYSTEM AND SEX HORMONES,ATC 1st,,197,8727
21602795,J,ANTIINFECTIVES FOR SYSTEMIC USE,ATC 1st,,455,11614
21600079,A02AX,"Antacids, other combinations",ATC 4th,21600047,0,0
21600832,A11EC,Vitamin B-complex with minerals,ATC 4th,21600829,0,0
21600855,A11JB,Vitamins with minerals,ATC 4th,21600853,0,0
21601223,B05ZA,"Hemodialytics, concentrates",ATC 4th,21601222,0,0
21601530,C03CX,Other high-ceiling diuretics,ATC 4th,21601516,0,0
21602426,G01BD,Antiseptics and corticosteroids,ATC 4th,21602423,0,0
21601385,J07X,OTHER VACCINES,ATC 3rd,21601278,0,0
21603828,L02AX,Other hormones,ATC 4th,21603813,0,0
21600048,A02AA,Magnesium compounds,ATC 4th,21600047,47,873
21600092,A02BB,Prostaglandins,ATC 4th,21600080,1,11
21600498,A04AD,Other antiemetics,ATC 4th,21600491,8,401
21600515,A05AB,Preparations for biliary tract therapy,ATC 4th,21600510,1,164
21600628,A07BA,Charcoal preparations,ATC 4th,21600627,2,168
1123618,A10BJ,Glucagon-like peptide-1 (GLP-1) analogues,ATC 4th,21600744,6,191
21600875,A12B,POTASSIUM,ATC 3rd,21600857,6,872
21600908,A12CE,Selenium,ATC 4th,21600884,2,12
21600960,B01,ANTITHROMBOTIC AGENTS,ATC 2nd,21600959,60,1537
21600962,B01AA,Vitamin K antagonists,ATC 4th,21600961,7,113
21601027,B01AX,Other antithrombotic agents,ATC 4th,21600961,3,35
21601131,B03X,OTHER ANTIANEMIC PREPARATIONS,ATC 3rd,21601077,9,399
21601153,B05B,I.V. SOLUTIONS,ATC 3rd,21601136,17,1964
21601168,B05CA,Antiinfectives,ATC 4th,21601167,25,924
21601185,B05CX,Other irrigating solutions,ATC 4th,21601167,4,696
21600269,C01BD,"Antiarrhythmics, class III",ATC 4th,21600248,5,126
21600280,C01CA,Adrenergic and dopaminergic agents,ATC 4th,21600279,24,1070
21600315,C01D,VASODILATORS USED IN CARDIAC DISEASES,ATC 3rd,21601238,20,822
21600410,C02CA,Alpha-adrenoreceptor antagonists,ATC 4th,21600409,4,108
21600443,C02KC,MAO inhibitors,ATC 4th,21600438,1,6
21601522,C03CB,Sulfonamides and potassium in combination,ATC 4th,21601516,0,16
21601561,C04A,PERIPHERAL VASODILATORS,ATC 3rd,21601560,26,688
21601628,C05AX,Other agents for treatment of hemorrhoids and anal fissures for topical use,ATC 4th,21601606,20,4164
21601746,C08CA,Dihydropyridine derivatives,ATC 4th,21601745,15,590
21601979,D02B,PROTECTIVES AGAINST UV-RADIATION,ATC 3rd,21601968,4,114
21601985,D03,PREPARATIONS FOR TREATMENT OF WOUNDS AND ULCERS,ATC 2nd,21601907,22,638
21602074,D06BA,Sulfonamides,ATC 4th,21602073,6,84
21602095,D06BX,Other chemotherapeutics,ATC 4th,21602073,3,215
21602318,D10B,ANTI-ACNE PREPARATIONS FOR SYSTEMIC USE,ATC 3rd,21602281,2,141
21602388,G01AE,Sulfonamides,ATC 4th,21602361,1,611
21602537,G03D,PROGESTOGENS,ATC 3rd,21602471,17,430
21602614,G03HA,"Antiandrogens, plain",ATC 4th,21602613,1,15
21602657,G04BX,Other urologicals,ATC 4th,21602628,8,335
21602674,G04CB,Testosterone-5-alpha reductase inhibitors,ATC 4th,21602666,2,24
21602780,H05A,PARATHYROID HORMONES AND ANALOGUES,ATC 3rd,21602779,6,63
21602814,J01BA,Amphenicols,ATC 4th,21602813,2,134
21602984,J01FF,Lincosamides,ATC 4th,21602968,2,269
21603090,J04A,DRUGS FOR TREATMENT OF TUBERCULOSIS,ATC 3rd,21603089,17,284
21603188,J05AX,Other antivirals,ATC 4th,21603127,12,172
21601245,J06,IMMUNE SERA AND IMMUNOGLOBULINS,ATC 2nd,21602795,35,376
21601361,J07BK,Varicella zoster vaccines,ATC 4th,21601329,2,32
21603849,L03A,IMMUNOSTIMULANTS,ATC 3rd,21603848,42,860
21603892,L04AA,Selective immunosuppressants,ATC 4th,21603891,14,191
21603986,M01AG,Fenamates,ATC 4th,21603933,5,94
21603991,M01AH,Coxibs,ATC 4th,21603933,5,85
21604036,M02AA,"Antiinflammatory preparations, non-steroids for topical use",ATC 4th,21604035,25,1575
21604128,M04,ANTIGOUT PREPARATIONS,ATC 2nd,21603931,10,211
21604165,M05BX,Other drugs affecting bone structure and mineralization,ATC 4th,21604147,8,231
21604175,M09AB,Enzymes,ATC 4th,21604171,3,86
21604375,N02CC,Selective serotonin (5HT1) agonists,ATC 4th,21604364,8,230
21604444,N04A,ANTICHOLINERGIC AGENTS,ATC 3rd,21604443,12,687
21604445,N04AA,Tertiary amines,ATC 4th,21604444,8,124
21604768,N06BX,Other psychostimulants and nootropics,ATC 4th,21604752,14,173
21604802,N07A,PARASYMPATHOMIMETICS,ATC 3rd,21604801,9,472
21604848,P01,ANTIPROTOZOALS,ATC 2nd,21604847,43,859
21604874,P01AX,Other agents against amoebiasis and other protozoal diseases,ATC 4th,21604849,8,66
21604899,P01BD,Diaminopyrimidines,ATC 4th,21604886,1,28
21603235,R02AB,Antibiotics,ATC 4th,21603216,6,181
21603396,R05DA,Opium alkaloids and derivatives,ATC 4th,21603395,17,1736
21603503,R06AX,Other antihistamines for systemic use,ATC 4th,21603445,21,488
21603552,S01A,ANTIINFECTIVES,ATC 3rd,21603551,82,4861
21605059,S01FA,Anticholinergics,ATC 4th,21605058,6,434
21605106,S01J,DIAGNOSTIC AGENTS,ATC 3rd,21603551,2,30
21605189,S03AA,Antiinfectives,ATC 4th,21605188,24,4063
21605227,V03,ALL OTHER THERAPEUTIC PRODUCTS,ATC 2nd,21605212,67,2152
21605263,V03AE,Drugs for treatment of hyperkalemia and hyperphosphatemia,ATC 4th,21605228,8,166
21605268,V03AF,Detoxifying agents for antineoplastic treatment,ATC 4th,21605228,9,463
21605297,V04C,OTHER DIAGNOSTIC AGENTS,ATC 3rd,21605295,48,1383
21605445,V09A,CENTRAL NERVOUS SYSTEM,ATC 3rd,21605444,8,298
21605474,V09D,HEPATIC AND RETICULO ENDOTHELIAL SYSTEM,ATC 3rd,21605444,2,2
21605525,V09H,INFLAMMATION AND INFECTION DETECTION,ATC 3rd,21605444,3,9
21605590,V10XX,Various therapeutic radiopharmaceuticals,ATC 4th,21605585,5,40
947760,L01EK,Vascular endothelial growth factor receptor (VEGFR) tyrosine kinase inhibitors,ATC 4th,947753,3,33
947836,L01XJ,Hedgehog pathway inhibitors,ATC 4th,21603746,3,25
954909,L01FA,CD20 (Clusters of Differentiation 20) inhibitors,ATC 4th,955076,3,67
925120,L01EP,Cellular-mesenchymal-epithelial transition factor (c-MET) kinase inhibitors,ATC 4th,947753,2,18
723202,L01XM,Isocitrate dehydrogenase (IDH) inhibitors,ATC 4th,21603746,4,36
21601386,L,ANTINEOPLASTIC AND IMMUNOMODULATING AGENTS,ATC 1st,,434,8212
21600229,A03DB,Belladonna and derivatives in combination with analgesics,ATC 4th,21600220,0,0
21600530,A05C,DRUGS FOR BILE THERAPY AND LIPOTROPICS IN COMBINATION,ATC 3rd,21600509,0,0
21600641,A07CA,Oral rehydration salt formulations,ATC 4th,21600640,0,0
21601193,B05DB,Hypertonic solutions,ATC 4th,21601191,0,0
21602157,D07BD,"Corticosteroids, very potent, combinations with antiseptics",ATC 4th,21602143,0,0
21604022,M01CA,Quinolines,ATC 4th,21604021,0,0
21604598,N05BD,Dibenzo-bicyclo-octadiene derivatives,ATC 4th,21604564,0,0
21603273,R03AH,Combinations of adrenergics,ATC 4th,21603249,0,0
21603502,R06AK,Combinations of antihistamines,ATC 4th,21603445,0,0
21605350,V06DB,"Fat/carbohydrates/proteins/minerals/vitamins, combinations",ATC 4th,21605348,0,0
21605368,V07AV,Technical disinfectants,ATC 4th,21605359,0,0
21600081,A02BA,H2-receptor antagonists,ATC 4th,21600080,5,394
21600201,A03C,ANTISPASMODICS IN COMBINATION WITH PSYCHOLEPTICS,ATC 3rd,21600127,3,472
21600483,A03FA,Propulsives,ATC 4th,21600482,8,260
21600517,A05AX,Other drugs for bile therapy,ATC 4th,21600510,8,77
21600601,A07A,INTESTINAL ANTIINFECTIVES,ATC 3rd,21600600,20,1290
21600616,A07AB,Sulfonamides,ATC 4th,21600601,3,17
21600698,A09A,"DIGESTIVES, INCL. ENZYMES",ATC 3rd,21600697,14,522
1123627,A10BK,Sodium-glucose co-transporter 2 (SGLT2) inhibitors,ATC 4th,21600744,6,74
21600838,A11GB,"Ascorbic acid (vitamin C), combinations",ATC 4th,21600835,0,74
21600858,A12A,CALCIUM,ATC 3rd,21600857,12,1615
21600859,A12AA,Calcium,ATC 4th,21600858,12,1615
21600941,A16AB,Enzymes,ATC 4th,21600933,24,225
21600436,C02DG,Guanidine derivatives,ATC 4th,21600424,1,6
21601511,C03BD,Xanthine derivatives,ATC 4th,21601489,1,3
21601516,C03C,HIGH-CEILING DIURETICS,ATC 3rd,21601461,5,336
21601702,C07BA,"Beta blocking agents, non-selective, and thiazides",ATC 4th,21601701,0,63
1123698,C07FX,"Beta blocking agents, other combinations",ATC 4th,21601738,0,2
21601776,C08EX,Other non-selective calcium channel blockers,ATC 4th,21601772,2,11
21601965,D01BA,Antifungals for systemic use,ATC 4th,21601964,2,117
21602003,D04A,"ANTIPRURITICS, INCL. ANTIHISTAMINES, ANESTHETICS, ETC.",ATC 3rd,21602002,19,2462
21602029,D05A,ANTIPSORIATICS FOR TOPICAL USE,ATC 3rd,21602028,10,356
21602044,D05B,ANTIPSORIATICS FOR SYSTEMIC USE,ATC 3rd,21602028,12,400
21602052,D05BX,Other antipsoriatics for systemic use,ATC 4th,21602044,7,318
21602147,D07BB,"Corticosteroids, moderately potent, combinations with antiseptics",ATC 4th,21602143,0,39
21602197,D08AA,Acridine derivatives,ATC 4th,21602196,4,60
21602224,D08AH,Quinoline derivatives,ATC 4th,21602196,4,82
21602283,D10AA,"Corticosteroids, combinations for treatment of acne",ATC 4th,21602282,3,471
21602334,D11AE,Androgens for topical use,ATC 4th,21602324,1,6
21602360,G01,GYNECOLOGICAL ANTIINFECTIVES AND ANTISEPTICS,ATC 2nd,21602359,60,3526
21602429,G02,OTHER GYNECOLOGICALS,ATC 2nd,21602359,59,1964
21602453,G02CA,"Sympathomimetics, labour repressants",ATC 4th,21602452,3,46
21602472,G03A,HORMONAL CONTRACEPTIVES FOR SYSTEMIC USE,ATC 3rd,21602471,10,1013
40254009,G03AD,Emergency contraceptives,ATC 4th,21602472,2,145
21602628,G04B,UROLOGICALS,ATC 3rd,21602627,31,1129
21602695,H01AX,Other anterior pituitary lobe hormones and analogues,ATC 4th,21602683,1,23
21602719,H01CC,Anti-gonadotropin-releasing hormones,ATC 4th,21602709,4,53
21602852,J01CF,Beta-lactamase resistant penicillins,ATC 4th,21602818,6,225
21602968,J01F,"MACROLIDES, LINCOSAMIDES AND STREPTOGRAMINS",ATC 3rd,21602796,16,863
21603109,J04AK,Other drugs for treatment of tuberculosis,ATC 4th,21603090,5,58
21601247,J06AA,Immune sera,ATC 4th,21601246,14,44
21601315,J07AM,Tetanus vaccines,ATC 4th,21601279,2,232
21601347,J07BE,Mumps vaccines,ATC 4th,21601329,1,35
21601358,J07BJ,Rubella vaccines,ATC 4th,21601329,3,56
21601434,L01BC,Pyrimidine analogues,ATC 4th,21601421,8,209
21604071,M03AA,Curare alkaloids,ATC 4th,21604070,3,21
21604091,M03B,"MUSCLE RELAXANTS, CENTRALLY ACTING AGENTS",ATC 3rd,21604069,15,518
21604126,M03CA,Dantrolene and derivatives,ATC 4th,21604125,1,33
21604194,N01AF,"Barbiturates, plain",ATC 4th,21604182,3,62
21604253,N02,ANALGESICS,ATC 2nd,21604180,79,9537
21604254,N02A,OPIOIDS,ATC 3rd,21604253,24,3790
21604291,N02AG,Opioids in combination with antispasmodics,ATC 4th,21604254,0,11
21604593,N05BC,Carbamates,ATC 4th,21604564,1,92
21604607,N05CA,"Barbiturates, plain",ATC 4th,21604606,15,261
21604856,P01AB,Nitroimidazole derivatives,ATC 4th,21604849,5,285
21604886,P01B,ANTIMALARIALS,ATC 3rd,21604848,13,246
21605032,R01AC,"Antiallergic agents, excl. corticosteroids",ATC 4th,21605009,9,191
21605084,S01GX,Other antiallergics,ATC 4th,21605071,13,345
21605126,S01XA,Other ophthalmologicals,ATC 4th,21605125,56,3161
21605171,S02C,CORTICOSTEROIDS AND ANTIINFECTIVES IN COMBINATION,ATC 3rd,21605144,0,1004
21605204,S03C,CORTICOSTEROIDS AND ANTIINFECTIVES IN COMBINATION,ATC 3rd,21605187,1,1098
21605456,V09B,SKELETON,ATC 3rd,21605444,2,2
947896,N04C,OTHER ANTIPARKINSON DRUGS,ATC 3rd,21604443,1,11
955111,C02KN,Other antihypertensives,ATC 4th,21600438,1,7
21600078,A02AH,Antacids with sodium bicarbonate,ATC 4th,21600047,0,0
21600808,A11B,"MULTIVITAMINS, PLAIN",ATC 3rd,21600800,0,0
21600834,A11EX,"Vitamin B-complex, other combinations",ATC 4th,21600829,0,0
21600380,C01EX,Other cardiac combination products,ATC 4th,21600360,0,0
21601737,C07EB,"Beta blocking agents, selective, and vasodilators",ATC 4th,21601735,0,0
21603443,R05X,OTHER COLD PREPARATIONS,ATC 3rd,21603365,0,0
21605111,S01JX,Other ophthalmological diagnostic agents,ATC 4th,21605106,0,0
21605345,V06B,PROTEIN SUPPLEMENTS,ATC 3rd,21605342,0,0
21605354,V06DD,"Amino acids, incl. combinations with polypeptides",ATC 4th,21605348,0,0
21605361,V07AB,"Solvents and diluting agents, incl. irrigating solutions",ATC 4th,21605359,0,0
21605593,V20,SURGICAL DRESSINGS,ATC 2nd,21605212,0,0
21600221,A03DA,Synthetic anticholinergic agents in combination with analgesics,ATC 4th,21600220,1,17
21600596,A06AX,Other drugs for constipation,ATC 4th,21600532,11,409
21600662,A07EC,Aminosalicylic acid and similar agents,ATC 4th,21600651,4,187
21600728,A10AD,"Insulins and analogues for injection, intermediate- or long-acting combined with fast-acting",ATC 4th,21600713,14,584
21600836,A11GA,"Ascorbic acid (vitamin C), plain",ATC 4th,21600835,1,281
21601032,B02,ANTIHEMORRHAGICS,ATC 2nd,21600959,44,1287
21601167,B05C,IRRIGATING SOLUTIONS,ATC 3rd,21601136,33,2533
21600279,C01C,CARDIAC STIMULANTS EXCL. CARDIAC GLYCOSIDES,ATC 3rd,21601238,31,1161
21600316,C01DA,Organic nitrates,ATC 4th,21600315,8,714
21600363,C01EB,Other cardiac preparations,ATC 4th,21600360,16,1033
21600434,C02DD,Nitroferricyanide derivatives,ATC 4th,21600424,1,29
21600451,C02L,ANTIHYPERTENSIVES AND DIURETICS IN COMBINATION,ATC 3rd,21600381,0,273
21601484,C03AH,"Thiazides, combinations with psycholeptics and/or analgesics",ATC 4th,21601462,0,30
21601682,C07AB,"Beta blocking agents, selective",ATC 4th,21601665,11,336
21601772,C08E,NON-SELECTIVE CALCIUM CHANNEL BLOCKERS,ATC 3rd,21601744,4,36
21601779,C08G,CALCIUM CHANNEL BLOCKERS AND DIURETICS,ATC 3rd,21601744,0,131
21601875,C10AC,Bile acid sequestrants,ATC 4th,21601854,3,54
21601939,D01AE,Other antifungals for topical use,ATC 4th,21601909,17,2312
21602281,D10,ANTI-ACNE PREPARATIONS,ATC 2nd,21601907,27,3402
21602325,D11AA,Antihidrotics,ATC 4th,21602324,2,94
21602326,D11AC,Medicated shampoos,ATC 4th,21602324,19,2616
21602431,G02AB,Ergot alkaloids,ATC 4th,21602430,3,41
21602597,G03G,GONADOTROPINS AND OTHER OVULATION STIMULANTS,ATC 3rd,21602471,10,237
21602645,G04BE,Drugs used in erectile dysfunction,ATC 4th,21602628,9,442
21602689,H01AC,Somatropin and somatropin agonists,ATC 4th,21602683,9,364
21602697,H01B,POSTERIOR PITUITARY LOBE HORMONES,ATC 3rd,21602682,6,156
21602796,J01,ANTIBACTERIALS FOR SYSTEMIC USE,ATC 2nd,21602795,187,7470
21602819,J01CA,Penicillins with extended spectrum,ATC 4th,21602818,16,956
21602929,J01E,SULFONAMIDES AND TRIMETHOPRIM,ATC 3rd,21602796,18,1149
21603811,L01XY,Combinations of antineoplastic agents,ATC 4th,21603746,0,5
21603829,L02B,HORMONE ANTAGONISTS AND RELATED AGENTS,ATC 3rd,21603812,19,247
21603834,L02BB,Anti-androgens,ATC 4th,21603829,6,74
21604065,M02AX,Other topical products for joint and muscular pain,ATC 4th,21604035,4,57
21604416,N03AF,Carboxamide derivatives,ATC 4th,21604390,4,200
21604489,N05,PSYCHOLEPTICS,ATC 2nd,21604180,143,4130
21604540,N05AH,"Diazepines, oxazepines, thiazepines and oxepines",ATC 4th,21604490,6,293
21604564,N05B,ANXIOLYTICS,ATC 3rd,21604489,23,962
21604911,P01C,AGENTS AGAINST LEISHMANIASIS AND TRYPANOSOMIASIS,ATC 3rd,21604848,10,109
21604939,P02C,ANTINEMATODAL AGENTS,ATC 3rd,21604927,13,622
21604951,P02CC,Tetrahydropyrimidine derivatives,ATC 4th,21604939,2,148
21604954,P02CE,Imidazothiazole derivatives,ATC 4th,21604939,1,19
21605000,P03BX,Other insecticides and repellents,ATC 4th,21604994,4,4
21605042,R01AD,Corticosteroids,ATC 4th,21605009,11,2272
21603353,R03DC,Leukotriene receptor antagonists,ATC 4th,21603327,2,37
21603409,R05DB,Other cough suppressants,ATC 4th,21603395,48,2553
21603491,R06AE,Piperazine derivatives,ATC 4th,21603445,7,310
21603650,S01C,ANTIINFLAMMATORY AGENTS AND ANTIINFECTIVES IN COMBINATION,ATC 3rd,21603551,11,2873
21603671,S01E,ANTIGLAUCOMA PREPARATIONS AND MIOTICS,ATC 3rd,21603551,33,1222
21603709,S01EE,Prostaglandin analogues,ATC 4th,21603671,6,85
21605071,S01G,DECONGESTANTS AND ANTIALLERGICS,ATC 3rd,21603551,20,1531
21605214,V01A,ALLERGENS,ATC 3rd,21605213,429,2350
21605215,V01AA,Allergen extracts,ATC 4th,21605214,429,2350
21605301,V04CB,Tests for fat absorption,ATC 4th,21605297,1,86
21605325,V04CH,Tests for renal function and ureteral injuries,ATC 4th,21605297,5,40
21605348,V06D,OTHER NUTRIENTS,ATC 3rd,21605342,2,207
21605372,V08,CONTRAST MEDIA,ATC 2nd,21605212,45,150
21605385,V08AB,"Watersoluble, nephrotropic, low osmolar X-ray contrast media",ATC 4th,21605373,12,58
21605491,V09E,RESPIRATORY SYSTEM,ATC 3rd,21605444,2,7
21605531,V09HB,Indium (111In) compounds,ATC 4th,21605525,1,1
21605562,V09XX,Various diagnostic radiopharmaceuticals,ATC 4th,21605557,2,8
947830,L01EA,BCR-ABL tyrosine kinase inhibitors,ATC 4th,947753,6,152
947841,L01ED,Anaplastic lymphoma kinase (ALK) inhibitors,ATC 4th,947753,5,71
947853,L01EF,Cyclin-dependent kinase (CDK) inhibitors,ATC 4th,947753,3,55
947869,L01XK,Poly (ADP-ribose) polymerase (PARP) inhibitors,ATC 4th,21603746,4,87
955112,A10XX,Other drugs used in diabetes,ATC 4th,21600797,2,18
21600077,A02AG,Antacids with antispasmodics,ATC 4th,21600047,0,0
21600126,A02X,OTHER DRUGS FOR ACID RELATED DISORDERS,ATC 3rd,21600046,0,0
21600833,A11ED,Vitamin B-complex with anabolic steroids,ATC 4th,21600829,0,0
21600874,A12AX,"Calcium, combinations with vitamin D and/or other drugs",ATC 4th,21600858,0,0
21600931,A15,APPETITE STIMULANTS,ATC 2nd,21600001,0,0
21601219,B05XC,Vitamins,ATC 4th,21601194,0,0
21602097,D06C,"ANTIBIOTICS AND CHEMOTHERAPEUTICS, COMBINATIONS",ATC 3rd,21602054,0,0
21603720,L01CC,Colchicine derivatives,ATC 4th,21601445,0,0
955115,C05X,OTHER VASOPROTECTIVES,ATC 3rd,21601605,0,0
21600593,A06AH,Peripheral opioid receptor antagonists,ATC 4th,21600532,5,147
21600722,A10AC,"Insulins and analogues for injection, intermediate-acting",ATC 4th,21600713,7,193
21600788,A10BX,"Other blood glucose lowering drugs, excl. insulins",ATC 4th,21600744,6,177
21600810,A11C,"VITAMIN A AND D, INCL. COMBINATIONS OF THE TWO",ATC 3rd,21600800,9,926
21600961,B01A,ANTITHROMBOTIC AGENTS,ATC 3rd,21600960,60,1537
21601128,B03BB,Folic acid and derivatives,ATC 4th,21601119,2,832
21601132,B03XA,Other antianemic preparations,ATC 4th,21601131,9,399
21601179,B05CB,Salt solutions,ATC 4th,21601167,4,1229
21601195,B05XA,Electrolyte solutions,ATC 4th,21601194,23,3229
21600306,C01CE,Phosphodiesterase inhibitors,ATC 4th,21600279,3,23
21600381,C02,ANTIHYPERTENSIVES,ATC 2nd,21601237,43,1056
21600383,C02AA,Rauwolfia alkaloids,ATC 4th,21600382,6,232
21601487,C03AX,"Thiazides, combinations with other drugs",ATC 4th,21601462,0,543
21601517,C03CA,"Sulfonamides, plain",ATC 4th,21601516,4,303
21601542,C03EA,Low-ceiling diuretics and potassium-sparing agents,ATC 4th,21601541,2,209
21601701,C07B,BETA BLOCKING AGENTS AND THIAZIDES,ATC 3rd,21601664,0,130
21601745,C08C,SELECTIVE CALCIUM CHANNEL BLOCKERS WITH MAINLY VASCULAR EFFECTS,ATC 3rd,21601744,16,601
21601974,D02AE,Carbamide products,ATC 4th,21601969,2,580
21602045,D05BA,Psoralens for systemic use,ATC 4th,21602044,3,49
21602054,D06,ANTIBIOTICS AND CHEMOTHERAPEUTICS FOR DERMATOLOGICAL USE,ATC 2nd,21601907,40,1410
21602061,D06AX,Other antibiotics for topical use,ATC 4th,21602055,15,613
21602178,D07X,"CORTICOSTEROIDS, OTHER COMBINATIONS",ATC 3rd,21602098,0,1383
21602217,D08AF,Nitrofuran derivatives,ATC 4th,21602196,1,33
21602287,D10AB,Preparations containing sulfur,ATC 4th,21602282,3,160
21602337,D11AH,"Agents for dermatitis, excluding corticosteroids",ATC 4th,21602324,13,310
21602377,G01AC,Quinoline derivatives,ATC 4th,21602361,5,114
21602430,G02A,UTEROTONICS,ATC 3rd,21602429,8,131
21602469,G02CX,Other gynecologicals,ATC 4th,21602452,9,38
21602564,G03EK,Androgens and female sex hormones in combination with other drugs,ATC 4th,21602558,1,56
21602598,G03GA,Gonadotropins,ATC 4th,21602597,8,218
21602619,G03XA,Antigonadotropins and similar agents,ATC 4th,21602618,2,19
21602745,H02B,"CORTICOSTEROIDS FOR SYSTEMIC USE, COMBINATIONS",ATC 3rd,21602722,0,4
21602869,J01DB,First-generation cephalosporins,ATC 4th,21602868,8,280
21602894,J01DD,Third-generation cephalosporins,ATC 4th,21602868,14,310
21602987,J01FG,Streptogramins,ATC 4th,21602968,2,11
21603142,J05AC,Cyclic amines,ATC 4th,21603127,2,20
21601278,J07,VACCINES,ATC 2nd,21602795,123,1216
21601309,J07AK,Plague vaccines,ATC 4th,21601279,1,1
21601349,J07BF,Poliomyelitis vaccines,ATC 4th,21601329,7,212
21603752,L01XB,Methylhydrazines,ATC 4th,21603746,1,10
21603765,L01XD,Sensitizers used in photodynamic/radiation therapy,ATC 4th,21603746,4,30
21603812,L02,ENDOCRINE THERAPY,ATC 2nd,21601386,32,715
21603871,L03AC,Interleukins,ATC 4th,21603849,3,23
21604104,M03BB,"Oxazol, thiazine, and triazine derivatives",ATC 4th,21604091,2,91
21604283,N02AD,Benzomorphan derivatives,ATC 4th,21604254,2,48
21604389,N03,ANTIEPILEPTICS,ATC 2nd,21604180,43,1495
21604555,N05AN,Lithium,ATC 4th,21604490,3,76
21604787,N06C,PSYCHOLEPTICS AND PSYCHOANALEPTICS IN COMBINATION,ATC 3rd,21604685,0,68
21604798,N06DX,Other anti-dementia drugs,ATC 4th,21604792,6,99
21604825,N07BC,Drugs used in opioid dependence,ATC 4th,21604816,7,369
21604840,N07XX,Other nervous system drugs,ATC 4th,21604838,20,1541
21604869,P01AR,Arsenic compounds,ATC 4th,21604849,1,7
21604989,P03AX,"Other ectoparasiticides, incl. scabicides",ATC 4th,21604968,7,365
21605008,R01,NASAL PREPARATIONS,ATC 2nd,21605007,42,9028
21603207,R01B,NASAL DECONGESTANTS FOR SYSTEMIC USE,ATC 3rd,21605008,3,5210
21603208,R01BA,Sympathomimetics,ATC 4th,21603207,3,5210
21603311,R03CC,Selective beta-2-adrenoreceptor agonists,ATC 4th,21603302,12,439
21603445,R06A,ANTIHISTAMINES FOR SYSTEMIC USE,ATC 3rd,21603444,54,5222
21603479,R06AD,Phenothiazine derivatives,ATC 4th,21603445,6,264
21605113,S01KA,Viscoelastic substances,ATC 4th,21605112,3,421
21605181,S02DA,Analgesics and anesthetics,ATC 4th,21605180,4,1741
21605374,V08AA,"Watersoluble, nephrotropic, high osmolar X-ray contrast media",ATC 4th,21605373,3,11
21605418,V08C,MAGNETIC RESONANCE IMAGING CONTRAST MEDIA,ATC 3rd,21605372,15,36
21605431,V08CB,Superparamagnetic contrast media,ATC 4th,21605418,3,3
954911,L01FC,CD38 (Clusters of Differentiation 38) inhibitors,ATC 4th,955076,2,23
955245,L01FG,VEGF/VEGFR (Vascular Endothelial Growth Factor / -Receptor) inhibitors,ATC 4th,955076,2,76
21600001,A,ALIMENTARY TRACT AND METABOLISM,ATC 1st,,1113,26541
21603931,M,MUSCULO-SKELETAL SYSTEM,ATC 1st,,154,5041
21604847,P,"ANTIPARASITIC PRODUCTS, INSECTICIDES AND REPELLENTS",ATC 1st,,87,2112
21600640,A07C,ELECTROLYTES WITH CARBOHYDRATES,ATC 3rd,21600600,0,0
21600809,A11BA,"Multivitamins, plain",ATC 4th,21600808,0,0
21600911,A12CX,Other mineral products,ATC 4th,21600884,0,0
21601987,D03AA,Cod-liver oil ointments,ATC 4th,21601986,0,0
21602428,G01BF,Imidazole derivatives and corticosteroids,ATC 4th,21602423,0,0
21605346,V06C,INFANT FORMULAS,ATC 3rd,21605342,0,0
21605349,V06DA,"Carbohydrates/proteins/minerals/vitamins, combinations",ATC 4th,21605348,0,0
21605357,V06DX,Other combinations of nutrients,ATC 4th,21605348,0,0
21605359,V07A,ALL OTHER NON-THERAPEUTIC PRODUCTS,ATC 3rd,21605358,0,0
21605360,V07AA,Plasters,ATC 4th,21605359,0,0
21605370,V07AY,Other non-therapeutic auxiliary products,ATC 4th,21605359,0,0
21600002,A01,STOMATOLOGICAL PREPARATIONS,ATC 2nd,21600001,36,5775
21600004,A01AA,Caries prophylactic agents,ATC 4th,21600003,5,997
21600046,A02,DRUGS FOR ACID RELATED DISORDERS,ATC 2nd,21600001,188,3606
21600139,A03AB,"Synthetic anticholinergics, quaternary ammonium compounds",ATC 4th,21600128,14,209
21600681,A08AA,Centrally acting antiobesity products,ATC 4th,21600680,11,550
21600693,A08AB,Peripherally acting antiobesity products,ATC 4th,21600680,1,12
21600712,A10,DRUGS USED IN DIABETES,ATC 2nd,21600001,73,2087
21600798,A10XA,Aldose reductase inhibitors,ATC 4th,21600797,1,4
21600815,A11CC,Vitamin D and analogues,ATC 4th,21600810,7,764
21600885,A12CA,Sodium,ATC 4th,21600884,2,460
43534760,B01AF,Direct factor Xa inhibitors,ATC 4th,21600961,4,66
21601043,B02B,VITAMIN K AND OTHER HEMOSTATICS,ATC 3rd,21601032,38,1184
21601220,B05XX,Other i.v. solution additives,ATC 4th,21601194,1,8
21600452,C02LA,Rauwolfia alkaloids and diuretics in combination,ATC 4th,21600451,0,167
21600472,C02LF,Guanidine derivatives and diuretics,ATC 4th,21600451,0,5
21601474,C03AB,Thiazides and potassium in combination,ATC 4th,21601462,0,17
21601587,C04AX,Other peripheral vasodilators,ATC 4th,21601561,11,164
21601625,C05AE,Muscle relaxants,ATC 4th,21601606,3,822
21601718,C07C,BETA BLOCKING AGENTS AND OTHER DIURETICS,ATC 3rd,21601664,2,174
21601770,C08DB,Benzothiazepine derivatives,ATC 4th,21601765,1,325
21601780,C08GA,Calcium channel blockers and diuretics,ATC 4th,21601779,0,131
21601888,C10AX,Other lipid modifying agents,ATC 4th,21601854,17,355
21601969,D02A,EMOLLIENTS AND PROTECTIVES,ATC 3rd,21601968,2,580
21602037,D05AX,Other antipsoriatics for topical use,ATC 4th,21602029,7,184
21602100,D07AA,"Corticosteroids, weak (group I)",ATC 4th,21602099,3,1236
21602196,D08A,ANTISEPTICS AND DISINFECTANTS,ATC 3rd,21602195,47,3657
21602282,D10A,ANTI-ACNE PREPARATIONS FOR TOPICAL USE,ATC 3rd,21602281,26,3386
21602304,D10AF,Antiinfectives for treatment of acne,ATC 4th,21602282,6,1134
21602391,G01AF,Imidazole derivatives,ATC 4th,21602361,16,980
21602410,G01AX,Other antiinfectives and antiseptics,ATC 4th,21602361,24,640
21602473,G03AA,"Progestogens and estrogens, fixed combinations",ATC 4th,21602472,0,598
21602622,G03XB,Progesterone receptor modulators,ATC 4th,21602618,2,21
21603091,J04AA,Aminosalicylic acid and derivatives,ATC 4th,21603090,2,22
21601254,J06B,IMMUNOGLOBULINS,ATC 3rd,21601245,23,345
21601319,J07AN,Tuberculosis vaccines,ATC 4th,21601279,3,26
21601387,L01,ANTINEOPLASTIC AGENTS,ATC 2nd,21601386,271,4471
21603747,L01XA,Platinum compounds,ATC 4th,21603746,4,42
21603814,L02AA,Estrogens,ATC 4th,21603813,5,114
21604077,M03AC,Other quaternary ammonium compounds,ATC 4th,21604070,10,112
21604125,M03C,"MUSCLE RELAXANTS, DIRECTLY ACTING AGENTS",ATC 3rd,21604069,1,33
21604157,M05BB,"Bisphosphonates, combinations",ATC 4th,21604147,0,12
21604170,M09,OTHER DRUGS FOR DISORDERS OF THE MUSCULO-SKELETAL SYSTEM,ATC 2nd,21603931,17,687
21604178,M09AX,Other drugs for disorders of the musculo-skeletal system,ATC 4th,21604171,12,587
21604181,N01,ANESTHETICS,ATC 2nd,21604180,44,3506
21604220,N01B,"ANESTHETICS, LOCAL",ATC 3rd,21604181,18,2867
21604296,N02AX,Other opioids,ATC 4th,21604254,6,231
21604491,N05AA,Phenothiazines with aliphatic side-chain,ATC 4th,21604490,7,241
21604719,N06AF,"Monoamine oxidase inhibitors, non-selective",ATC 4th,21604686,5,39
21604752,N06B,"PSYCHOSTIMULANTS, AGENTS USED FOR ADHD AND NOOTROPICS",ATC 3rd,21604685,29,1179
21604902,P01BE,"Artemisinin and derivatives, plain",ATC 4th,21604886,3,13
21604927,P02,ANTHELMINTICS,ATC 2nd,21604847,21,709
21604995,P03BA,Pyrethrines,ATC 4th,21604994,2,10
21603365,R05,COUGH AND COLD PREPARATIONS,ATC 2nd,21605007,67,6732
21603440,R05FB,Other cough suppressants and expectorants,ATC 4th,21603436,0,1577
21603470,R06AC,Substituted ethylene diamines,ATC 4th,21603445,5,133
21603530,R07,OTHER RESPIRATORY SYSTEM PRODUCTS,ATC 2nd,21605007,14,167
21603616,S01B,ANTIINFLAMMATORY AGENTS,ATC 3rd,21603551,25,4253
21603651,S01CA,Corticosteroids and antiinfectives in combination,ATC 4th,21603650,5,836
21605096,S01H,LOCAL ANESTHETICS,ATC 3rd,21603551,21,1307
21605125,S01X,OTHER OPHTHALMOLOGICALS,ATC 3rd,21603551,56,3161
21605188,S03A,ANTIINFECTIVES,ATC 3rd,21605187,24,4063
21605205,S03CA,Corticosteroids and antiinfectives in combination,ATC 4th,21605204,1,1098
21605342,V06,GENERAL NUTRIENTS,ATC 2nd,21605212,2,207
21605475,V09DA,Technetium (99mTc) compounds,ATC 4th,21605474,1,1
21601532,C03D,ALDOSTERONE ANTAGONISTS AND OTHER POTASSIUM-SPARING AGENTS,ATC 3rd,21601461,7,162
21601276,J06BC,Antibacterial monoclonal antibodies,ATC 4th,21601254,3,23
947845,L01EH,Human epidermal growth factor receptor 2 (HER2) tyrosine kinase inhibitors,ATC 4th,947753,5,39
954928,L01FY,Combinations of monoclonal antibodies and antibody drug conjugates,ATC 4th,955076,0,19
955013,L01FD,HER2 (Human Epidermal Growth Factor Receptor 2) inhibitors,ATC 4th,955076,4,121
21605007,R,RESPIRATORY SYSTEM,ATC 1st,,251,22385
21600481,A03ED,Antispasmodics in combination with other drugs,ATC 4th,21600232,0,0
21600829,A11E,"VITAMIN B-COMPLEX, INCL. COMBINATIONS",ATC 3rd,21600800,0,0
21600854,A11JA,Combinations of vitamins,ATC 4th,21600853,0,0
21601528,C03CD,Pyrazolone derivatives,ATC 4th,21601516,0,0
21601977,D02AF,Salicylic acid preparations,ATC 4th,21601969,0,0
21603326,R03CK,Adrenergics and other drugs for obstructive airway diseases,ATC 4th,21603302,0,0
21605371,V07AZ,Chemicals and reagents for analysis,ATC 4th,21605359,0,0
